<?xml version="1.0" encoding="utf-8" ?>
<dwsync>
<file name="basic_io.h" server="courses.cit.cornell.edu/coursewww/ece576/" local="129364069277660975" remote="129364765800000000" />
<file name="file_list.c" server="courses.cit.cornell.edu/coursewww/ece576/" local="129364073188394656" remote="129364765800000000" />
<file name="find_cluster.c" server="courses.cit.cornell.edu/coursewww/ece576/" local="129364073252888345" remote="129364765800000000" />
<file name="head.h" server="courses.cit.cornell.edu/coursewww/ece576/" local="129364073522933790" remote="129364765800000000" />
<file name="hello_world.c" server="courses.cit.cornell.edu/coursewww/ece576/" local="129364073014584714" remote="129364765800000000" />
<file name="LCD.c" server="courses.cit.cornell.edu/coursewww/ece576/" local="129364073825111074" remote="129364765800000000" />
<file name="read_lyrics.c" server="courses.cit.cornell.edu/coursewww/ece576/" local="129364073304641305" remote="129364765800000000" />
<file name="sd_card.c" server="courses.cit.cornell.edu/coursewww/ece576/" local="129364073343043501" remote="129364765800000000" />
<file name="show_name.c" server="courses.cit.cornell.edu/coursewww/ece576/" local="129364073375185340" remote="129364765800000000" />
<file name="time.c" server="courses.cit.cornell.edu/coursewww/ece576/" local="129364075155797185" remote="129364765800000000" />
<file name="VGA.c" server="courses.cit.cornell.edu/coursewww/ece576/" local="129362275717186712" remote="129364765800000000" />
<file name="VGA.h" server="courses.cit.cornell.edu/coursewww/ece576/" local="129362275717216714" remote="129364765800000000" />
</dwsync>