
<!--
This XML file (created on Thu Oct 26 11:30:00 2006) contains limited information
from the compilation of logic designs using Quartus II software (BUT NOT THE
LOGIC DESIGN FILES) that will be transmitted to Altera Corporation through
operation of the "TalkBack" feature.  To enable/disable this feature, run
qtb_install.exe located in your quartus/bin folder.  For more information, go
to www.altera.com/products/software/download/dnl-download_license.html
-->
<talkback>
<ver>6.0</ver>
<schema>quartus_version_6.0_build_202.xsd</schema>
<license>
	<host_id>00123f4b0b3f</host_id>
	<nic_id>00123f4b0b3f</nic_id>
	<cdrive_id>882dfa9e</cdrive_id>
</license>
<tool>
	<name>Quartus II</name>
	<version>6.0</version>
	<build>Build 202</build>
	<service_pack_label>1</service_pack_label>
	<binary_type>32</binary_type>
	<module>quartus</module>
	<edition>Web Edition</edition>
	<eval>Licensed</eval>
	<compilation_end_time>Thu Oct 26 11:30:01 2006</compilation_end_time>
</tool>
<machine>
	<os>Windows XP</os>
	<cpu>
		<proc_count>2</proc_count>
		<cpu_freq units="MHz">3391</cpu_freq>
	</cpu>
	<ram units="MB">1023</ram>
</machine>
<project>C:/DE2/Transmitter_Sound/DE2_Default</project>
<revision>DE2_Default</revision>
<gui_actions>
	<action time="Tue Oct 24 11:12:33 2006" type="project_open">C:/DE2/Transmitter_Sound/DE2_Default</action>
	<action time="Tue Oct 24 11:12:33 2006" type="editor_open" clsid="AFC_CLSID_TED_VERILOG_DOC">C:/DE2/Transmitter_Sound/AUDIO_DAC_ADC.v</action>
	<action time="Tue Oct 24 11:12:33 2006" type="editor_open" clsid="AFC_CLSID_TED_VERILOG_DOC">C:/DE2/Transmitter_Sound/DE2_Default.v</action>
	<action time="Tue Oct 24 11:12:33 2006" type="editor_open" clsid="AFC_CLSID_TED_VERILOG_DOC">C:/DE2/Transmitter_Sound/I2C_AV_Config.v</action>
	<action time="Tue Oct 24 11:12:42 2006" type="editor_open" clsid="AFC_CLSID_RPW_DEFAULT_DOC">c:/altera/quartus60/win/Report_Window_01.qrpt</action>
	<action time="Tue Oct 24 11:13:25 2006" type="editor_open" clsid="AFC_CLSID_PGMW_CDF_DOC">C:/DE2/Transmitter_Sound/DE2_Default.cdf</action>
	<action time="Thu Oct 26 11:29:57 2006" type="editor_close" clsid="AFC_CLSID_TED_VERILOG_DOC">C:/DE2/Transmitter_Sound/AUDIO_DAC_ADC.v</action>
	<action time="Thu Oct 26 11:29:57 2006" type="editor_close" clsid="AFC_CLSID_TED_VERILOG_DOC">C:/DE2/Transmitter_Sound/DE2_Default.v</action>
	<action time="Thu Oct 26 11:29:57 2006" type="editor_close" clsid="AFC_CLSID_TED_VERILOG_DOC">C:/DE2/Transmitter_Sound/I2C_AV_Config.v</action>
	<action time="Thu Oct 26 11:29:57 2006" type="editor_close" clsid="AFC_CLSID_RPW_DEFAULT_DOC">c:/altera/quartus60/win/Report_Window_01.qrpt</action>
	<action time="Thu Oct 26 11:29:58 2006" type="editor_close" clsid="AFC_CLSID_PGMW_CDF_DOC">C:/DE2/Transmitter_Sound/DE2_Default.cdf</action>
	<action time="Thu Oct 26 11:30:00 2006" type="project_close">C:/DE2/Transmitter_Sound/DE2_Default</action>
</gui_actions>
<gui_summary>
	<editor_count clsid="AFC_CLSID_ACV_DEFAULT_DOC">0</editor_count>
	<editor_count clsid="AFC_CLSID_ACV_FLED_DEFAULT_DOC">0</editor_count>
	<editor_count clsid="AFC_CLSID_APE_DEFAULT_DOC">0</editor_count>
	<editor_count clsid="AFC_CLSID_ASE_DEFAULT_DOC">0</editor_count>
	<editor_count clsid="AFC_CLSID_ATC_DEFAULT_DOC">0</editor_count>
	<editor_count clsid="AFC_CLSID_CFW_DEFAULT_DOC">0</editor_count>
	<editor_count clsid="AFC_CLSID_ECUI_DEFAULT_DOC">0</editor_count>
	<editor_count clsid="AFC_CLSID_FLP_DEFAULT_DOC">0</editor_count>
	<editor_count clsid="AFC_CLSID_GED_BDF_DOC">0</editor_count>
	<editor_count clsid="AFC_CLSID_GED_BSF_DOC">0</editor_count>
	<editor_count clsid="AFC_CLSID_GED_GDF_DOC">0</editor_count>
	<editor_count clsid="AFC_CLSID_GED_SYM_DOC">0</editor_count>
	<editor_count clsid="AFC_CLSID_MED_HEX_DOC">0</editor_count>
	<editor_count clsid="AFC_CLSID_MED_MIF_DOC">0</editor_count>
	<editor_count clsid="AFC_CLSID_MSW_DOC">0</editor_count>
	<editor_count clsid="AFC_CLSID_OAW_DEFAULT_DOC">0</editor_count>
	<editor_count clsid="AFC_CLSID_PGMW_CDF_DOC">1</editor_count>
	<editor_count clsid="AFC_CLSID_PGMW_COF_DOC">0</editor_count>
	<editor_count clsid="AFC_CLSID_PGMW_FCF_DOC">0</editor_count>
	<editor_count clsid="AFC_CLSID_PGMW_JAM_DOC">0</editor_count>
	<editor_count clsid="AFC_CLSID_PGMW_JCF_DOC">0</editor_count>
	<editor_count clsid="AFC_CLSID_PGMW_PFL_DOC">0</editor_count>
	<editor_count clsid="AFC_CLSID_PGMW_POF_DOC">0</editor_count>
	<editor_count clsid="AFC_CLSID_PGMW_SOF_DOC">0</editor_count>
	<editor_count clsid="AFC_CLSID_PJM_ARCHIVE">0</editor_count>
	<editor_count clsid="AFC_CLSID_PJM_CSF">0</editor_count>
	<editor_count clsid="AFC_CLSID_PJM_FSF">0</editor_count>
	<editor_count clsid="AFC_CLSID_PJM_PROJECT">0</editor_count>
	<editor_count clsid="AFC_CLSID_PJM_QPF">0</editor_count>
	<editor_count clsid="AFC_CLSID_PJM_SSF">0</editor_count>
	<editor_count clsid="AFC_CLSID_PJN_DEFAULT_DOC">0</editor_count>
	<editor_count clsid="AFC_CLSID_PPL_DEFAULT_DOC">0</editor_count>
	<editor_count clsid="AFC_CLSID_PTW_DEFAULT_DOC">0</editor_count>
	<editor_count clsid="AFC_CLSID_QIS_DEFAULT_DOC">0</editor_count>
	<editor_count clsid="AFC_CLSID_RED_DEFAULT_DOC">0</editor_count>
	<editor_count clsid="AFC_CLSID_REQC_DEFAULT_DOC">0</editor_count>
	<editor_count clsid="AFC_CLSID_RPW_CHART_TYPE">0</editor_count>
	<editor_count clsid="AFC_CLSID_RPW_CMP_SUMMARY_TYPE">0</editor_count>
	<editor_count clsid="AFC_CLSID_RPW_DEFAULT_DOC">1</editor_count>
	<editor_count clsid="AFC_CLSID_RPW_GAUGES_TYPE">0</editor_count>
	<editor_count clsid="AFC_CLSID_RPW_HTML_DOC">0</editor_count>
	<editor_count clsid="AFC_CLSID_RPW_HTML_TYPE">0</editor_count>
	<editor_count clsid="AFC_CLSID_RPW_TABLE_TYPE">0</editor_count>
	<editor_count clsid="AFC_CLSID_RPW_TEXT_TYPE">0</editor_count>
	<editor_count clsid="AFC_CLSID_RPW_TXT_DOC">0</editor_count>
	<editor_count clsid="AFC_CLSID_RSM_DEFAULT_DOC">0</editor_count>
	<editor_count clsid="AFC_CLSID_RUI_DEFAULT_DOC">0</editor_count>
	<editor_count clsid="AFC_CLSID_RUI_SIM_VIEWER_FAST_TIMING_DOC">0</editor_count>
	<editor_count clsid="AFC_CLSID_RUI_SIM_VIEWER_FUNCTIONAL_DOC">0</editor_count>
	<editor_count clsid="AFC_CLSID_RUI_SIM_VIEWER_TIMING_DOC">0</editor_count>
	<editor_count clsid="AFC_CLSID_RUI_TECH_VIEWER_DOC">0</editor_count>
	<editor_count clsid="AFC_CLSID_SED_DEFAULT_DOC">0</editor_count>
	<editor_count clsid="AFC_CLSID_SFW_DEFAULT_DOC">0</editor_count>
	<editor_count clsid="AFC_CLSID_SOPCW_DEFAULT_DOC">0</editor_count>
	<editor_count clsid="AFC_CLSID_TED_DEFAULT_DOC">0</editor_count>
	<editor_count clsid="AFC_CLSID_TED_EDF_DOC">0</editor_count>
	<editor_count clsid="AFC_CLSID_TED_PTF_DOC">0</editor_count>
	<editor_count clsid="AFC_CLSID_TED_TCL_DOC">0</editor_count>
	<editor_count clsid="AFC_CLSID_TED_TDF_DOC">0</editor_count>
	<editor_count clsid="AFC_CLSID_TED_TDF_INC_DOC">0</editor_count>
	<editor_count clsid="AFC_CLSID_TED_VERILOG_DOC">3</editor_count>
	<editor_count clsid="AFC_CLSID_TED_VHD_DOC">0</editor_count>
	<editor_count clsid="AFC_CLSID_TFW_ADVANCED_DOC">0</editor_count>
	<editor_count clsid="AFC_CLSID_TFW_DEFAULT_DOC">0</editor_count>
	<editor_count clsid="AFC_CLSID_WED_RDX_DOC">0</editor_count>
	<editor_count clsid="AFC_CLSID_WED_SCF_DOC">0</editor_count>
	<editor_count clsid="AFC_CLSID_WED_TBL_DOC">0</editor_count>
	<editor_count clsid="AFC_CLSID_WED_VCD_DOC">0</editor_count>
	<editor_count clsid="AFC_CLSID_WED_VCF_DOC">0</editor_count>
	<editor_count clsid="AFC_CLSID_WED_VEC_DOC">0</editor_count>
	<editor_count clsid="AFC_CLSID_WED_ZVCF_DOC">0</editor_count>
</gui_summary>
</talkback>
