<?xml version="1.0" ?>
<LOG_ROOT>
	<PROJECT NAME="DE2_TV">
		<CBX_INST_ENTRY INSTANCE_NAME="|DE2_TV|YCbCr2RGB:u8|MAC_3:u1|altmult_add:ALTMULT_ADD_component" CBX_FILE_NAME="mult_add_4f74.tdf"/>
		<CBX_INST_ENTRY INSTANCE_NAME="|DE2_TV|egg3:e3|altsyncram:altsyncram_component" CBX_FILE_NAME="altsyncram_adh1.tdf"/>
		<CBX_INST_ENTRY INSTANCE_NAME="|DE2_TV|lpm_mult:Mult4|multcore:mult_core|mpar_add:padder|lpm_add_sub:adder[1]" CBX_FILE_NAME="add_sub_2ch.tdf"/>
		<CBX_INST_ENTRY INSTANCE_NAME="|DE2_TV|lpm_mult:Mult6" CBX_FILE_NAME="mult_dct.tdf"/>
		<CBX_INST_ENTRY INSTANCE_NAME="|DE2_TV|Line_Buffer:u10|altshift_taps:altshift_taps_component" CBX_FILE_NAME="shift_taps_k0r.tdf"/>
		<CBX_INST_ENTRY INSTANCE_NAME="|DE2_TV|YCbCr2RGB:u8|MAC_3:u2|altmult_add:ALTMULT_ADD_component" CBX_FILE_NAME="mult_add_4f74.tdf"/>
		<CBX_INST_ENTRY INSTANCE_NAME="|DE2_TV|lpm_mult:Mult4|multcore:mult_core|mpar_add:padder|mpar_add:sub_par_add|lpm_add_sub:adder[0]" CBX_FILE_NAME="add_sub_6ch.tdf"/>
		<CBX_INST_ENTRY INSTANCE_NAME="|DE2_TV|Line_Buffer:u11|altshift_taps:altshift_taps_component" CBX_FILE_NAME="shift_taps_k0r.tdf"/>
		<CBX_INST_ENTRY INSTANCE_NAME="|DE2_TV|Mirror_Col:u100|Stack_RAM:comb_96|altsyncram:altsyncram_component" CBX_FILE_NAME="altsyncram_ppq1.tdf"/>
		<CBX_INST_ENTRY INSTANCE_NAME="|DE2_TV|egg4:e4|altsyncram:altsyncram_component" CBX_FILE_NAME="altsyncram_bdh1.tdf"/>
		<CBX_INST_ENTRY INSTANCE_NAME="|DE2_TV|lpm_mult:Mult0" CBX_FILE_NAME="mult_a8t.tdf"/>
		<CBX_INST_ENTRY INSTANCE_NAME="|DE2_TV|Mirror_Col:u100|Stack_RAM:comb_62|altsyncram:altsyncram_component" CBX_FILE_NAME="altsyncram_ppq1.tdf"/>
		<CBX_INST_ENTRY INSTANCE_NAME="|DE2_TV|Sdram_Control_4Port:u6|Sdram_RD_FIFO:read_fifo1|dcfifo:dcfifo_component" CBX_FILE_NAME="dcfifo_iep1.tdf"/>
		<CBX_INST_ENTRY INSTANCE_NAME="|DE2_TV|lpm_mult:Mult1" CBX_FILE_NAME="mult_a8t.tdf"/>
		<CBX_INST_ENTRY INSTANCE_NAME="|DE2_TV|Sdram_Control_4Port:u6|Sdram_RD_FIFO:read_fifo2|dcfifo:dcfifo_component" CBX_FILE_NAME="dcfifo_iep1.tdf"/>
		<CBX_INST_ENTRY INSTANCE_NAME="|DE2_TV|egg1:e1|altsyncram:altsyncram_component" CBX_FILE_NAME="altsyncram_8dh1.tdf"/>
		<CBX_INST_ENTRY INSTANCE_NAME="|DE2_TV|egg5:e5|altsyncram:altsyncram_component" CBX_FILE_NAME="altsyncram_cdh1.tdf"/>
		<CBX_INST_ENTRY INSTANCE_NAME="|DE2_TV|lpm_mult:Mult2" CBX_FILE_NAME="mult_68t.tdf"/>
		<CBX_INST_ENTRY INSTANCE_NAME="|DE2_TV|vga_line_buffer:vlb|altsyncram:altsyncram_component" CBX_FILE_NAME="altsyncram_elt1.tdf"/>
		<CBX_INST_ENTRY INSTANCE_NAME="|DE2_TV|DIV:u5|lpm_divide:lpm_divide_component" CBX_FILE_NAME="lpm_divide_d6t.tdf"/>
		<CBX_INST_ENTRY INSTANCE_NAME="|DE2_TV|Sdram_Control_4Port:u6|Sdram_WR_FIFO:write_fifo1|dcfifo:dcfifo_component" CBX_FILE_NAME="dcfifo_iep1.tdf"/>
		<CBX_INST_ENTRY INSTANCE_NAME="|DE2_TV|lpm_mult:Mult3" CBX_FILE_NAME="mult_s5t.tdf"/>
		<CBX_INST_ENTRY INSTANCE_NAME="|DE2_TV|Sdram_Control_4Port:u6|Sdram_WR_FIFO:write_fifo2|dcfifo:dcfifo_component" CBX_FILE_NAME="dcfifo_iep1.tdf"/>
		<CBX_INST_ENTRY INSTANCE_NAME="|DE2_TV|egg2:e2|altsyncram:altsyncram_component" CBX_FILE_NAME="altsyncram_9dh1.tdf"/>
		<CBX_INST_ENTRY INSTANCE_NAME="|DE2_TV|Mirror_Col:u100|Stack_RAM:comb_130|altsyncram:altsyncram_component" CBX_FILE_NAME="altsyncram_ppq1.tdf"/>
		<CBX_INST_ENTRY INSTANCE_NAME="|DE2_TV|YCbCr2RGB:u8|MAC_3:u0|altmult_add:ALTMULT_ADD_component" CBX_FILE_NAME="mult_add_4f74.tdf"/>
		<CBX_INST_ENTRY INSTANCE_NAME="|DE2_TV|lpm_mult:Mult4|multcore:mult_core|mpar_add:padder|lpm_add_sub:adder[0]" CBX_FILE_NAME="add_sub_2ch.tdf"/>
		<CBX_INST_ENTRY INSTANCE_NAME="|DE2_TV|lpm_mult:Mult5" CBX_FILE_NAME="mult_dct.tdf"/>
		<CBX_INST_ENTRY INSTANCE_NAME="|DE2_TV|vga_buffer:display|altsyncram:altsyncram_component" CBX_FILE_NAME="altsyncram_b4b2.tdf"/>
	</PROJECT>
</LOG_ROOT>
