<?xml version="1.0" ?>
<LOG_ROOT>
	<PROJECT NAME="DE2_TV">
		<CBX_INST_ENTRY INSTANCE_NAME="|DE2_TV|BallDrawer:draw_ball|lpm_mult:Mult0" CBX_FILE_NAME="mult_71t.tdf"/>
		<CBX_INST_ENTRY INSTANCE_NAME="|DE2_TV|YCbCr2RGB:u8|MAC_3:u1|altmult_add:ALTMULT_ADD_component" CBX_FILE_NAME="mult_add_4f74.tdf"/>
		<CBX_INST_ENTRY INSTANCE_NAME="|DE2_TV|gaussian_5x5:gaussian|lpm_mult:Mult0|multcore:mult_core|mpar_add:padder|lpm_add_sub:adder[0]" CBX_FILE_NAME="add_sub_2ch.tdf"/>
		<CBX_INST_ENTRY INSTANCE_NAME="|DE2_TV|BallDrawer:draw_ball|lpm_mult:Mult1" CBX_FILE_NAME="mult_31t.tdf"/>
		<CBX_INST_ENTRY INSTANCE_NAME="|DE2_TV|Line_Buffer:u10|altshift_taps:altshift_taps_component" CBX_FILE_NAME="shift_taps_k0r.tdf"/>
		<CBX_INST_ENTRY INSTANCE_NAME="|DE2_TV|YCbCr2RGB:u8|MAC_3:u2|altmult_add:ALTMULT_ADD_component" CBX_FILE_NAME="mult_add_4f74.tdf"/>
		<CBX_INST_ENTRY INSTANCE_NAME="|DE2_TV|gaussian_5x5:gaussian|lpm_mult:Mult0|multcore:mult_core|mpar_add:padder|lpm_add_sub:adder[1]" CBX_FILE_NAME="add_sub_2ch.tdf"/>
		<CBX_INST_ENTRY INSTANCE_NAME="|DE2_TV|grid_generator_3x3:edge_grid_gen|Line_Buffer:line_buf_1|altshift_taps:altshift_taps_component" CBX_FILE_NAME="shift_taps_k0r.tdf"/>
		<CBX_INST_ENTRY INSTANCE_NAME="|DE2_TV|Line_Buffer:u11|altshift_taps:altshift_taps_component" CBX_FILE_NAME="shift_taps_k0r.tdf"/>
		<CBX_INST_ENTRY INSTANCE_NAME="|DE2_TV|Mirror_Col:u100|Stack_RAM:comb_96|altsyncram:altsyncram_component" CBX_FILE_NAME="altsyncram_ppq1.tdf"/>
		<CBX_INST_ENTRY INSTANCE_NAME="|DE2_TV|gaussian_5x5:gaussian|lpm_mult:Mult0|multcore:mult_core|mpar_add:padder|mpar_add:sub_par_add|lpm_add_sub:adder[0]" CBX_FILE_NAME="add_sub_9ch.tdf"/>
		<CBX_INST_ENTRY INSTANCE_NAME="|DE2_TV|grid_generator_3x3:edge_grid_gen|Line_Buffer:line_buf_2|altshift_taps:altshift_taps_component" CBX_FILE_NAME="shift_taps_k0r.tdf"/>
		<CBX_INST_ENTRY INSTANCE_NAME="|DE2_TV|Mirror_Col:u100|Stack_RAM:comb_62|altsyncram:altsyncram_component" CBX_FILE_NAME="altsyncram_ppq1.tdf"/>
		<CBX_INST_ENTRY INSTANCE_NAME="|DE2_TV|Sdram_Control_4Port:u6|Sdram_RD_FIFO:read_fifo1|dcfifo:dcfifo_component" CBX_FILE_NAME="dcfifo_iep1.tdf"/>
		<CBX_INST_ENTRY INSTANCE_NAME="|DE2_TV|edge_detect:edge1|lpm_mult:Mult0" CBX_FILE_NAME="mult_e1t.tdf"/>
		<CBX_INST_ENTRY INSTANCE_NAME="|DE2_TV|Sdram_Control_4Port:u6|Sdram_RD_FIFO:read_fifo2|dcfifo:dcfifo_component" CBX_FILE_NAME="dcfifo_iep1.tdf"/>
		<CBX_INST_ENTRY INSTANCE_NAME="|DE2_TV|edge_detect:edge1|lpm_mult:Mult1" CBX_FILE_NAME="mult_h1t.tdf"/>
		<CBX_INST_ENTRY INSTANCE_NAME="|DE2_TV|grid_generator_5x5:convolve_grid_gen|Line_Buffer:line_buf_1|altshift_taps:altshift_taps_component" CBX_FILE_NAME="shift_taps_k0r.tdf"/>
		<CBX_INST_ENTRY INSTANCE_NAME="|DE2_TV|DIV:u5|lpm_divide:lpm_divide_component" CBX_FILE_NAME="lpm_divide_d6t.tdf"/>
		<CBX_INST_ENTRY INSTANCE_NAME="|DE2_TV|Sdram_Control_4Port:u6|Sdram_WR_FIFO:write_fifo1|dcfifo:dcfifo_component" CBX_FILE_NAME="dcfifo_iep1.tdf"/>
		<CBX_INST_ENTRY INSTANCE_NAME="|DE2_TV|grid_generator_5x5:convolve_grid_gen|Line_Buffer:line_buf_2|altshift_taps:altshift_taps_component" CBX_FILE_NAME="shift_taps_k0r.tdf"/>
		<CBX_INST_ENTRY INSTANCE_NAME="|DE2_TV|minicpu:cpu1|alu:alu0|signed_mult:m_10_8|lpm_mult:Mult0" CBX_FILE_NAME="mult_q1t.tdf"/>
		<CBX_INST_ENTRY INSTANCE_NAME="|DE2_TV|minicpu:cpu1|dpram:dpram0|altsyncram:mem_rtl_0" CBX_FILE_NAME="altsyncram_jho1.tdf"/>
		<CBX_INST_ENTRY INSTANCE_NAME="|DE2_TV|Sdram_Control_4Port:u6|Sdram_WR_FIFO:write_fifo2|dcfifo:dcfifo_component" CBX_FILE_NAME="dcfifo_iep1.tdf"/>
		<CBX_INST_ENTRY INSTANCE_NAME="|DE2_TV|grid_generator_5x5:convolve_grid_gen|Line_Buffer:line_buf_3|altshift_taps:altshift_taps_component" CBX_FILE_NAME="shift_taps_k0r.tdf"/>
		<CBX_INST_ENTRY INSTANCE_NAME="|DE2_TV|minicpu:cpu1|dpram:dpram0|altsyncram:mem_rtl_1" CBX_FILE_NAME="altsyncram_jho1.tdf"/>
		<CBX_INST_ENTRY INSTANCE_NAME="|DE2_TV|Mirror_Col:u100|Stack_RAM:comb_130|altsyncram:altsyncram_component" CBX_FILE_NAME="altsyncram_ppq1.tdf"/>
		<CBX_INST_ENTRY INSTANCE_NAME="|DE2_TV|YCbCr2RGB:u8|MAC_3:u0|altmult_add:ALTMULT_ADD_component" CBX_FILE_NAME="mult_add_4f74.tdf"/>
		<CBX_INST_ENTRY INSTANCE_NAME="|DE2_TV|grid_generator_5x5:convolve_grid_gen|Line_Buffer:line_buf_4|altshift_taps:altshift_taps_component" CBX_FILE_NAME="shift_taps_k0r.tdf"/>
	</PROJECT>
</LOG_ROOT>
