
<!--
This XML file (created on Mon Jul 17 11:03:43 2006) contains limited information
from the compilation of logic designs using Quartus II software (BUT NOT THE
LOGIC DESIGN FILES) that will be transmitted to Altera Corporation through
operation of the "TalkBack" feature.  To enable/disable this feature, run
qtb_install.exe located in your quartus/bin folder.  For more information, go
to www.altera.com/products/software/download/dnl-download_license.html
-->
<talkback>
<ver>6.0</ver>
<schema>quartus_version_6.0_build_202.xsd</schema>
<license>
	<host_id>00123f4b0b3f</host_id>
	<nic_id>00123f4b0b3f</nic_id>
	<cdrive_id>882dfa9e</cdrive_id>
</license>
<tool>
	<name>Quartus II</name>
	<version>6.0</version>
	<build>Build 202</build>
	<service_pack_label>1</service_pack_label>
	<binary_type>32</binary_type>
	<module>quartus_asm</module>
	<edition>Web Edition</edition>
	<eval>Licensed</eval>
	<compilation_end_time>Mon Jul 17 11:03:43 2006</compilation_end_time>
</tool>
<machine>
	<os>Windows XP</os>
	<cpu>
		<proc_count>2</proc_count>
		<cpu_freq units="MHz">3391</cpu_freq>
	</cpu>
	<ram units="MB">1023</ram>
</machine>
<project>C:/DE2/Nios2sdram/Nios2sdram</project>
<revision>TimerSDRAM</revision>
<compilation_summary>
	<flow_status>Successful - Mon Jul 17 11:03:43 2006</flow_status>
	<quartus_ii_version>6.0 Build 202 06/20/2006 SP 1 SJ Web Edition</quartus_ii_version>
	<revision_name>TimerSDRAM</revision_name>
	<top_level_entity_name>TimerSDRAM</top_level_entity_name>
	<family>Cyclone II</family>
	<device>EP2C35F672C6</device>
	<timing_models>Final</timing_models>
	<met_timing_requirements>N/A</met_timing_requirements>
	<total_logic_elements>2,762 / 33,216 ( 8 % )</total_logic_elements>
	<total_registers>1743</total_registers>
	<total_pins>181 / 475 ( 38 % )</total_pins>
	<total_virtual_pins>0</total_virtual_pins>
	<total_memory_bits>50,688 / 483,840 ( 10 % )</total_memory_bits>
	<embedded_multiplier_9_bit_elements>4 / 70 ( 6 % )</embedded_multiplier_9_bit_elements>
	<total_plls>1 / 4 ( 25 % )</total_plls>
</compilation_summary>
<mep_data>
	<command_line>quartus_asm --read_settings_files=off --write_settings_files=off Nios2sdram -c TimerSDRAM</command_line>
</mep_data>
<software_data>
	<smart_recompile>off</smart_recompile>
</software_data>
<messages>
	<warning>Warning: Can&apos;t convert time-limited SOF into POF, HEX File, TTF, or RBF</warning>
	<info>Info: Quartus II Assembler was successful. 0 errors, 1 warning</info>
	<info>Info: Elapsed time: 00:00:12</info>
	<info>Info: Processing ended: Mon Jul 17 11:03:43 2006</info>
	<info>Info: Design contains a time-limited core -- only a single, time-limited programming file can be generated</info>
	<info>Info: Assembler is generating device programming files</info>
</messages>
<assembler_settings>
	<row>
		<option>Use smart compilation</option>
		<setting>Off</setting>
		<default_value>Off</default_value>
	</row>
	<row>
		<option>Generate Serial Vector Format File (.svf) for Target Device</option>
		<setting>Off</setting>
		<default_value>Off</default_value>
	</row>
	<row>
		<option>Generate a JEDEC STAPL Format File (.jam) for Target Device</option>
		<setting>Off</setting>
		<default_value>Off</default_value>
	</row>
	<row>
		<option>Generate an uncompressed Jam STAPL Byte Code 2.0 File (.jbc) for Target Device</option>
		<setting>Off</setting>
		<default_value>Off</default_value>
	</row>
	<row>
		<option>Generate a compressed Jam STAPL Byte Code 2.0 File (.jbc) for Target Device</option>
		<setting>On</setting>
		<default_value>On</default_value>
	</row>
	<row>
		<option>Generate compressed bitstreams</option>
		<setting>On</setting>
		<default_value>On</default_value>
	</row>
	<row>
		<option>Compression mode</option>
		<setting>Off</setting>
		<default_value>Off</default_value>
	</row>
	<row>
		<option>Clock source for configuration device</option>
		<setting>Internal</setting>
		<default_value>Internal</default_value>
	</row>
	<row>
		<option>Clock frequency of the configuration device</option>
		<setting units="MHz">10</setting>
		<default_value units="MHz">10</default_value>
	</row>
	<row>
		<option>Divide clock frequency by</option>
		<setting>1</setting>
		<default_value>1</default_value>
	</row>
	<row>
		<option>JTAG user code for target device</option>
		<setting>Ffffffff</setting>
		<default_value>Ffffffff</default_value>
	</row>
	<row>
		<option>Configuration device</option>
		<setting>Auto</setting>
		<default_value>Auto</default_value>
	</row>
	<row>
		<option>JTAG user code for configuration device</option>
		<setting>Ffffffff</setting>
		<default_value>Ffffffff</default_value>
	</row>
	<row>
		<option>Configuration device auto user code</option>
		<setting>Off</setting>
		<default_value>Off</default_value>
	</row>
	<row>
		<option>Generate Tabular Text File (.ttf) For Target Device</option>
		<setting>Off</setting>
		<default_value>Off</default_value>
	</row>
	<row>
		<option>Generate Raw Binary File (.rbf) For Target Device</option>
		<setting>Off</setting>
		<default_value>Off</default_value>
	</row>
	<row>
		<option>Generate Hexadecimal (Intel-Format) Output File (.hexout) for Target Device</option>
		<setting>Off</setting>
		<default_value>Off</default_value>
	</row>
	<row>
		<option>Hexadecimal Output File start address</option>
		<setting>0</setting>
		<default_value>0</default_value>
	</row>
	<row>
		<option>Hexadecimal Output File count direction</option>
		<setting>Up</setting>
		<default_value>Up</default_value>
	</row>
	<row>
		<option>Release clears before tri-states</option>
		<setting>Off</setting>
		<default_value>Off</default_value>
	</row>
	<row>
		<option>Auto-restart configuration after error</option>
		<setting>On</setting>
		<default_value>On</default_value>
	</row>
	<row>
		<option>Maintain Compatibility with All Cyclone II M4K Versions</option>
		<setting>On</setting>
		<default_value>On</default_value>
	</row>
</assembler_settings>
</talkback>
