<?xml version="1.0" ?>
<LOG_ROOT>
	<PROJECT NAME="DE2_CCD">
		<CBX_INST_ENTRY INSTANCE_NAME="|DE2_CCD|RAW2RGB:u4|Line_Buffer:u0|altshift_taps:altshift_taps_component" CBX_FILE_NAME="shift_taps_gkn.tdf"/>
		<CBX_INST_ENTRY INSTANCE_NAME="|DE2_CCD|Sdram_Control_4Port:u6|Sdram_FIFO:read_fifo1|dcfifo:dcfifo_component" CBX_FILE_NAME="dcfifo_5jj1.tdf"/>
		<CBX_INST_ENTRY INSTANCE_NAME="|DE2_CCD|Sdram_Control_4Port:u6|Sdram_FIFO:write_fifo2|dcfifo:dcfifo_component" CBX_FILE_NAME="dcfifo_5jj1.tdf"/>
		<CBX_INST_ENTRY INSTANCE_NAME="|DE2_CCD|Mirror_Col:u8|Stack_RAM:comb_29|altsyncram:altsyncram_component" CBX_FILE_NAME="altsyncram_9cn1.tdf"/>
		<CBX_INST_ENTRY INSTANCE_NAME="|DE2_CCD|Sdram_Control_4Port:u6|Sdram_FIFO:read_fifo2|dcfifo:dcfifo_component" CBX_FILE_NAME="dcfifo_5jj1.tdf"/>
		<CBX_INST_ENTRY INSTANCE_NAME="|DE2_CCD|Sdram_Control_4Port:u6|Sdram_FIFO:write_fifo1|dcfifo:dcfifo_component" CBX_FILE_NAME="dcfifo_5jj1.tdf"/>
	</PROJECT>
</LOG_ROOT>
