<?xml version="1.0" ?>
<LOG_ROOT>
	<PROJECT NAME="DE2_Default">
		<CBX_INST_ENTRY INSTANCE_NAME="|DE2_Default|hybrid_cntl:control_cpu|cpu_0:the_cpu_0|cpu_0_nios2_oci:the_cpu_0_nios2_oci|cpu_0_nios2_ocimem:the_cpu_0_nios2_ocimem|cpu_0_ociram_lpm_dram_bdp_component_module:cpu_0_ociram_lpm_dram_bdp_component|altsyncram:the_altsyncram" CBX_FILE_NAME="altsyncram_c572.tdf"/>
		<CBX_INST_ENTRY INSTANCE_NAME="|DE2_Default|hybrid_cntl:control_cpu|cpu_0:the_cpu_0|cpu_0_register_bank_a_module:cpu_0_register_bank_a|altsyncram:the_altsyncram" CBX_FILE_NAME="altsyncram_4be1.tdf"/>
		<CBX_INST_ENTRY INSTANCE_NAME="|DE2_Default|hybrid_cntl:control_cpu|jtag_uart_0:the_jtag_uart_0|jtag_uart_0_scfifo_w:the_jtag_uart_0_scfifo_w|scfifo:wfifo" CBX_FILE_NAME="scfifo_1n21.tdf"/>
		<CBX_INST_ENTRY INSTANCE_NAME="|DE2_Default|hybrid_cntl:control_cpu|jtag_uart_0:the_jtag_uart_0|jtag_uart_0_scfifo_r:the_jtag_uart_0_scfifo_r|scfifo:rfifo" CBX_FILE_NAME="scfifo_1n21.tdf"/>
		<CBX_INST_ENTRY INSTANCE_NAME="|DE2_Default|sld_hub:sld_hub_inst|lpm_decode:instruction_decoder" CBX_FILE_NAME="decode_aoi.tdf"/>
		<CBX_INST_ENTRY INSTANCE_NAME="|DE2_Default|sld_signaltap:auto_signaltap_0|altsyncram:\stp_non_zero_ram_gen:stp_buffer_ram" CBX_FILE_NAME="altsyncram_5oi2.tdf"/>
		<CBX_INST_ENTRY INSTANCE_NAME="|DE2_Default|sld_signaltap:auto_signaltap_0|sld_ela_control:ela_control|sld_ela_post_trigger_counter:\gen_non_zero_sample_depth:tc1|lpm_counter:post_trigger_counter" CBX_FILE_NAME="cntr_mhg.tdf"/>
		<CBX_INST_ENTRY INSTANCE_NAME="|DE2_Default|sld_signaltap:auto_signaltap_0|sld_ela_control:ela_control|sld_ela_segment_mgr:\gen_non_zero_sample_depth_segment:seg_mgr|lpm_counter:\non_zero_sample_depth_gen:segment_addr_counter" CBX_FILE_NAME="cntr_lqf.tdf"/>
		<CBX_INST_ENTRY INSTANCE_NAME="|DE2_Default|hybrid_cntl:control_cpu|cpu_0:the_cpu_0|cpu_0_ic_data_module:cpu_0_ic_data|altsyncram:the_altsyncram" CBX_FILE_NAME="altsyncram_cub1.tdf"/>
		<CBX_INST_ENTRY INSTANCE_NAME="|DE2_Default|hybrid_cntl:control_cpu|cpu_0:the_cpu_0|cpu_0_ic_tag_module:cpu_0_ic_tag|altsyncram:the_altsyncram" CBX_FILE_NAME="altsyncram_tke1.tdf"/>
		<CBX_INST_ENTRY INSTANCE_NAME="|DE2_Default|hybrid_cntl:control_cpu|cpu_0:the_cpu_0|cpu_0_mult_cell:the_cpu_0_mult_cell|altmult_add:the_altmult_add_part_2" CBX_FILE_NAME="mult_add_6cr2.tdf"/>
		<CBX_INST_ENTRY INSTANCE_NAME="|DE2_Default|hybrid_cntl:control_cpu|cpu_0:the_cpu_0|cpu_0_register_bank_b_module:cpu_0_register_bank_b|altsyncram:the_altsyncram" CBX_FILE_NAME="altsyncram_5be1.tdf"/>
		<CBX_INST_ENTRY INSTANCE_NAME="|DE2_Default|signed_mult:D_M|lpm_mult:Mult0" CBX_FILE_NAME="mult_or01.tdf"/>
		<CBX_INST_ENTRY INSTANCE_NAME="|DE2_Default|sld_signaltap:auto_signaltap_0|sld_offload_buffer_mgr:\stp_non_zero_depth_offload_gen:stp_offload_buff_mgr_inst|lpm_counter:\adv_point_3_and_more:advance_pointer_counter" CBX_FILE_NAME="cntr_9ne.tdf"/>
		<CBX_INST_ENTRY INSTANCE_NAME="|DE2_Default|sync_rom:sineTable|altsyncram:Ram0_rtl_0" CBX_FILE_NAME="altsyncram_c401.tdf"/>
		<CBX_INST_ENTRY INSTANCE_NAME="|DE2_Default|signed_mult:Sine_gain|lpm_mult:Mult0" CBX_FILE_NAME="mult_7o01.tdf"/>
		<CBX_INST_ENTRY INSTANCE_NAME="|DE2_Default|sld_signaltap:auto_signaltap_0|sld_acquisition_buffer:sld_acquisition_buffer_inst|lpm_counter:\write_address_non_zero_gen:write_pointer_counter" CBX_FILE_NAME="cntr_blh.tdf"/>
		<CBX_INST_ENTRY INSTANCE_NAME="|DE2_Default|sld_signaltap:auto_signaltap_0|sld_ela_control:ela_control|sld_ela_segment_mgr:\gen_non_zero_sample_depth_segment:seg_mgr|lpm_compare:\non_zero_sample_depth_gen:segment_addr_compare" CBX_FILE_NAME="cmpr_nth.tdf"/>
		<CBX_INST_ENTRY INSTANCE_NAME="|DE2_Default|hybrid_cntl:control_cpu|cpu_0:the_cpu_0|cpu_0_nios2_oci:the_cpu_0_nios2_oci|cpu_0_nios2_oci_im:the_cpu_0_nios2_oci_im|cpu_0_traceram_lpm_dram_bdp_component_module:cpu_0_traceram_lpm_dram_bdp_component|altsyncram:the_altsyncram" CBX_FILE_NAME="altsyncram_e502.tdf"/>
		<CBX_INST_ENTRY INSTANCE_NAME="|DE2_Default|sld_signaltap:auto_signaltap_0|sld_offload_buffer_mgr:\stp_non_zero_depth_offload_gen:stp_offload_buff_mgr_inst|lpm_counter:read_pointer_counter" CBX_FILE_NAME="cntr_1ff.tdf"/>
		<CBX_INST_ENTRY INSTANCE_NAME="|DE2_Default|hybrid_cntl:control_cpu|cpu_0:the_cpu_0|cpu_0_mult_cell:the_cpu_0_mult_cell|altmult_add:the_altmult_add_part_1" CBX_FILE_NAME="mult_add_4cr2.tdf"/>
		<CBX_INST_ENTRY INSTANCE_NAME="|DE2_Default|signed_mult:K_M|lpm_mult:Mult0" CBX_FILE_NAME="mult_2s01.tdf"/>
	</PROJECT>
</LOG_ROOT>
