<?xml version="1.0" ?>
<LOG_ROOT>
	<PROJECT NAME="DE2_Default">
		<CBX_INST_ENTRY INSTANCE_NAME="|DE2_Default|scomp:f1|altsyncram:altsyncram_component" CBX_FILE_NAME="altsyncram_mqt.tdf"/>
		<CBX_INST_ENTRY INSTANCE_NAME="|DE2_Default|scomp:f2|signed_mult:m1|lpm_mult:Mult0" CBX_FILE_NAME="mult_eo01.tdf"/>
		<CBX_INST_ENTRY INSTANCE_NAME="|DE2_Default|scomp:f3|altsyncram:altsyncram_component" CBX_FILE_NAME="altsyncram_9st.tdf"/>
		<CBX_INST_ENTRY INSTANCE_NAME="|DE2_Default|scomp:f1|signed_mult:m1|lpm_mult:Mult0" CBX_FILE_NAME="mult_eo01.tdf"/>
		<CBX_INST_ENTRY INSTANCE_NAME="|DE2_Default|scomp:f2|altsyncram:altsyncram_component" CBX_FILE_NAME="altsyncram_8st.tdf"/>
		<CBX_INST_ENTRY INSTANCE_NAME="|DE2_Default|scomp:f3|signed_mult:m1|lpm_mult:Mult0" CBX_FILE_NAME="mult_eo01.tdf"/>
	</PROJECT>
</LOG_ROOT>
