<?xml version="1.0" ?>
<LOG_ROOT>
	<PROJECT NAME="TimerSDRAM">
		<CBX_INST_ENTRY INSTANCE_NAME="|TimerSDRAM|NiosSDRAM:nios2|cpu_0:the_cpu_0|cpu_0_ic_data_module:cpu_0_ic_data|altsyncram:the_altsyncram" CBX_FILE_NAME="altsyncram_cub1.tdf"/>
		<CBX_INST_ENTRY INSTANCE_NAME="|TimerSDRAM|NiosSDRAM:nios2|cpu_0:the_cpu_0|cpu_0_ic_tag_module:cpu_0_ic_tag|altsyncram:the_altsyncram" CBX_FILE_NAME="altsyncram_73e1.tdf"/>
		<CBX_INST_ENTRY INSTANCE_NAME="|TimerSDRAM|NiosSDRAM:nios2|cpu_0:the_cpu_0|cpu_0_mult_cell:the_cpu_0_mult_cell|altmult_add:the_altmult_add_part_2" CBX_FILE_NAME="mult_add_6cr2.tdf"/>
		<CBX_INST_ENTRY INSTANCE_NAME="|TimerSDRAM|NiosSDRAM:nios2|cpu_0:the_cpu_0|cpu_0_register_bank_b_module:cpu_0_register_bank_b|altsyncram:the_altsyncram" CBX_FILE_NAME="altsyncram_fpd1.tdf"/>
		<CBX_INST_ENTRY INSTANCE_NAME="|TimerSDRAM|NiosSDRAM:nios2|cpu_0:the_cpu_0|cpu_0_mult_cell:the_cpu_0_mult_cell|altmult_add:the_altmult_add_part_1" CBX_FILE_NAME="mult_add_4cr2.tdf"/>
		<CBX_INST_ENTRY INSTANCE_NAME="|TimerSDRAM|sync_rom:sineTable|altsyncram:Ram0_rtl_0" CBX_FILE_NAME="altsyncram_l801.tdf"/>
		<CBX_INST_ENTRY INSTANCE_NAME="|TimerSDRAM|NiosSDRAM:nios2|cpu_0:the_cpu_0|cpu_0_nios2_oci:the_cpu_0_nios2_oci|cpu_0_nios2_oci_im:the_cpu_0_nios2_oci_im|cpu_0_traceram_lpm_dram_bdp_component_module:cpu_0_traceram_lpm_dram_bdp_component|altsyncram:the_altsyncram" CBX_FILE_NAME="altsyncram_e502.tdf"/>
		<CBX_INST_ENTRY INSTANCE_NAME="|TimerSDRAM|NiosSDRAM:nios2|cpu_0:the_cpu_0|cpu_0_nios2_oci:the_cpu_0_nios2_oci|cpu_0_nios2_ocimem:the_cpu_0_nios2_ocimem|cpu_0_ociram_lpm_dram_bdp_component_module:cpu_0_ociram_lpm_dram_bdp_component|altsyncram:the_altsyncram" CBX_FILE_NAME="altsyncram_c572.tdf"/>
		<CBX_INST_ENTRY INSTANCE_NAME="|TimerSDRAM|NiosSDRAM:nios2|cpu_0:the_cpu_0|cpu_0_register_bank_a_module:cpu_0_register_bank_a|altsyncram:the_altsyncram" CBX_FILE_NAME="altsyncram_epd1.tdf"/>
		<CBX_INST_ENTRY INSTANCE_NAME="|TimerSDRAM|sld_hub:sld_hub_inst|lpm_decode:instruction_decoder" CBX_FILE_NAME="decode_aoi.tdf"/>
		<CBX_INST_ENTRY INSTANCE_NAME="|TimerSDRAM|sync_rom:cosTable|altsyncram:Ram0_rtl_1" CBX_FILE_NAME="altsyncram_l801.tdf"/>
	</PROJECT>
</LOG_ROOT>
