<?xml version="1.0" encoding="UTF-8"?>
<preferences>
 <debug showDebugMenu="0" />
 <systemtable>
  <columns>
   <connections preferredWidth="127" />
   <irq preferredWidth="34" />
  </columns>
 </systemtable>
 <clocktable>
  <columns>
   <clockname preferredWidth="335" />
   <clocksource preferredWidth="334" />
   <frequency preferredWidth="315" />
  </columns>
 </clocktable>
 <library expandedCategories="Project,Library" />
 <window width="1100" height="800" x="0" y="0" />
 <hdlexample language="VERILOG" />
 <generation path="_PROJECT_NAME_" />
</preferences>
