<?xml version="1.0" ?>
<LOG_ROOT>
	<PROJECT NAME="DE2_TV">
		<CBX_INST_ENTRY INSTANCE_NAME="|DE2_TV|YCbCr2RGB:u8|MAC_3:u0|altmult_add:ALTMULT_ADD_component|mult_add_4f74:auto_generated|ded_mult_ob91:ded_mult3|alt_mac_out:mac_out10" CBX_FILE_NAME="mac_out_9r92.tdf"/>
		<CBX_INST_ENTRY INSTANCE_NAME="|DE2_TV|Line_Buffer:u10|altshift_taps:altshift_taps_component" CBX_FILE_NAME="shift_taps_k0r.tdf"/>
		<CBX_INST_ENTRY INSTANCE_NAME="|DE2_TV|lpm_mult:Mult24|mult_85t:auto_generated|alt_mac_out:mac_out4" CBX_FILE_NAME="mac_out_2n82.tdf"/>
		<CBX_INST_ENTRY INSTANCE_NAME="|DE2_TV|lpm_mult:Mult2|mult_65t:auto_generated|alt_mac_mult:mac_mult3|lpm_mult:mult|multcore:mult_core|mpar_add:padder|lpm_add_sub:adder[0]" CBX_FILE_NAME="add_sub_5ch.tdf"/>
		<CBX_INST_ENTRY INSTANCE_NAME="|DE2_TV|lpm_mult:Mult6|mult_25t:auto_generated|alt_mac_mult:mac_mult3|lpm_mult:mult|multcore:mult_core|mpar_add:padder|lpm_add_sub:adder[0]" CBX_FILE_NAME="add_sub_cch.tdf"/>
		<CBX_INST_ENTRY INSTANCE_NAME="|DE2_TV|Line_Buffer:u11|altshift_taps:altshift_taps_component" CBX_FILE_NAME="shift_taps_k0r.tdf"/>
		<CBX_INST_ENTRY INSTANCE_NAME="|DE2_TV|lpm_mult:Mult0" CBX_FILE_NAME="mult_65t.tdf"/>
		<CBX_INST_ENTRY INSTANCE_NAME="|DE2_TV|lpm_mult:Mult18|mult_65t:auto_generated|alt_mac_out:mac_out4" CBX_FILE_NAME="mac_out_in82.tdf"/>
		<CBX_INST_ENTRY INSTANCE_NAME="|DE2_TV|lpm_mult:Mult1" CBX_FILE_NAME="mult_65t.tdf"/>
		<CBX_INST_ENTRY INSTANCE_NAME="|DE2_TV|lpm_mult:Mult10" CBX_FILE_NAME="mult_45t.tdf"/>
		<CBX_INST_ENTRY INSTANCE_NAME="|DE2_TV|lpm_mult:Mult26|mult_85t:auto_generated|alt_mac_out:mac_out4" CBX_FILE_NAME="mac_out_2n82.tdf"/>
		<CBX_INST_ENTRY INSTANCE_NAME="|DE2_TV|lpm_mult:Mult31|mult_65t:auto_generated|alt_mac_mult:mac_mult3|lpm_mult:mult|multcore:mult_core|mpar_add:padder|lpm_add_sub:adder[0]" CBX_FILE_NAME="add_sub_5ch.tdf"/>
		<CBX_INST_ENTRY INSTANCE_NAME="|DE2_TV|lpm_mult:Mult4|mult_65t:auto_generated|alt_mac_mult:mac_mult3|lpm_mult:mult|multcore:mult_core|mpar_add:padder|lpm_add_sub:adder[0]" CBX_FILE_NAME="add_sub_5ch.tdf"/>
		<CBX_INST_ENTRY INSTANCE_NAME="|DE2_TV|lpm_mult:Mult11" CBX_FILE_NAME="mult_45t.tdf"/>
		<CBX_INST_ENTRY INSTANCE_NAME="|DE2_TV|lpm_mult:Mult2" CBX_FILE_NAME="mult_65t.tdf"/>
		<CBX_INST_ENTRY INSTANCE_NAME="|DE2_TV|lpm_mult:Mult21|mult_85t:auto_generated|alt_mac_mult:mac_mult3|lpm_mult:mult|multcore:mult_core|mpar_add:padder|lpm_add_sub:adder[0]" CBX_FILE_NAME="add_sub_6ch.tdf"/>
		<CBX_INST_ENTRY INSTANCE_NAME="|DE2_TV|lpm_mult:Mult9|mult_85t:auto_generated|alt_mac_out:mac_out4" CBX_FILE_NAME="mac_out_2n82.tdf"/>
		<CBX_INST_ENTRY INSTANCE_NAME="|DE2_TV|DIV:u5|lpm_divide:lpm_divide_component" CBX_FILE_NAME="lpm_divide_d6t.tdf"/>
		<CBX_INST_ENTRY INSTANCE_NAME="|DE2_TV|lpm_mult:Mult12" CBX_FILE_NAME="mult_85t.tdf"/>
		<CBX_INST_ENTRY INSTANCE_NAME="|DE2_TV|lpm_mult:Mult13|mult_85t:auto_generated|alt_mac_mult:mac_mult3|lpm_mult:mult|multcore:mult_core|mpar_add:padder|lpm_add_sub:adder[0]" CBX_FILE_NAME="add_sub_6ch.tdf"/>
		<CBX_INST_ENTRY INSTANCE_NAME="|DE2_TV|lpm_mult:Mult17|mult_45t:auto_generated|alt_mac_mult:mac_mult3|lpm_mult:mult|multcore:mult_core|mpar_add:padder|lpm_add_sub:adder[0]" CBX_FILE_NAME="add_sub_dch.tdf"/>
		<CBX_INST_ENTRY INSTANCE_NAME="|DE2_TV|lpm_mult:Mult28|mult_85t:auto_generated|alt_mac_out:mac_out4" CBX_FILE_NAME="mac_out_2n82.tdf"/>
		<CBX_INST_ENTRY INSTANCE_NAME="|DE2_TV|lpm_mult:Mult3" CBX_FILE_NAME="mult_65t.tdf"/>
		<CBX_INST_ENTRY INSTANCE_NAME="|DE2_TV|lpm_mult:Mult30" CBX_FILE_NAME="mult_65t.tdf"/>
		<CBX_INST_ENTRY INSTANCE_NAME="|DE2_TV|lpm_mult:Mult13" CBX_FILE_NAME="mult_85t.tdf"/>
		<CBX_INST_ENTRY INSTANCE_NAME="|DE2_TV|lpm_mult:Mult23|mult_85t:auto_generated|alt_mac_mult:mac_mult3|lpm_mult:mult|multcore:mult_core|mpar_add:padder|lpm_add_sub:adder[0]" CBX_FILE_NAME="add_sub_6ch.tdf"/>
		<CBX_INST_ENTRY INSTANCE_NAME="|DE2_TV|lpm_mult:Mult31" CBX_FILE_NAME="mult_65t.tdf"/>
		<CBX_INST_ENTRY INSTANCE_NAME="|DE2_TV|lpm_mult:Mult4" CBX_FILE_NAME="mult_65t.tdf"/>
		<CBX_INST_ENTRY INSTANCE_NAME="|DE2_TV|Mirror_Col:u100|Stack_RAM:comb_130|altsyncram:altsyncram_component" CBX_FILE_NAME="altsyncram_ppq1.tdf"/>
		<CBX_INST_ENTRY INSTANCE_NAME="|DE2_TV|lpm_mult:Mult14" CBX_FILE_NAME="mult_05t.tdf"/>
		<CBX_INST_ENTRY INSTANCE_NAME="|DE2_TV|lpm_mult:Mult5" CBX_FILE_NAME="mult_65t.tdf"/>
		<CBX_INST_ENTRY INSTANCE_NAME="|DE2_TV|ROM:background|altsyncram:altsyncram_component" CBX_FILE_NAME="altsyncram_4ac1.tdf"/>
		<CBX_INST_ENTRY INSTANCE_NAME="|DE2_TV|lpm_mult:Mult15" CBX_FILE_NAME="mult_05t.tdf"/>
		<CBX_INST_ENTRY INSTANCE_NAME="|DE2_TV|lpm_mult:Mult25|mult_85t:auto_generated|alt_mac_mult:mac_mult3|lpm_mult:mult|multcore:mult_core|mpar_add:padder|lpm_add_sub:adder[0]" CBX_FILE_NAME="add_sub_6ch.tdf"/>
		<CBX_INST_ENTRY INSTANCE_NAME="|DE2_TV|lpm_mult:Mult6" CBX_FILE_NAME="mult_25t.tdf"/>
		<CBX_INST_ENTRY INSTANCE_NAME="|DE2_TV|lpm_mult:Mult0|mult_65t:auto_generated|alt_mac_out:mac_out4" CBX_FILE_NAME="mac_out_in82.tdf"/>
		<CBX_INST_ENTRY INSTANCE_NAME="|DE2_TV|lpm_mult:Mult11|mult_45t:auto_generated|alt_mac_out:mac_out4" CBX_FILE_NAME="mac_out_gn82.tdf"/>
		<CBX_INST_ENTRY INSTANCE_NAME="|DE2_TV|lpm_mult:Mult15|mult_05t:auto_generated|alt_mac_out:mac_out4" CBX_FILE_NAME="mac_out_cn82.tdf"/>
		<CBX_INST_ENTRY INSTANCE_NAME="|DE2_TV|lpm_mult:Mult16" CBX_FILE_NAME="mult_45t.tdf"/>
		<CBX_INST_ENTRY INSTANCE_NAME="|DE2_TV|lpm_mult:Mult19|mult_65t:auto_generated|alt_mac_mult:mac_mult3|lpm_mult:mult|multcore:mult_core|mpar_add:padder|lpm_add_sub:adder[0]" CBX_FILE_NAME="add_sub_5ch.tdf"/>
		<CBX_INST_ENTRY INSTANCE_NAME="|DE2_TV|lpm_mult:Mult7" CBX_FILE_NAME="mult_25t.tdf"/>
		<CBX_INST_ENTRY INSTANCE_NAME="|DE2_TV|lpm_mult:Mult8|mult_85t:auto_generated|alt_mac_mult:mac_mult3|lpm_mult:mult|multcore:mult_core|mpar_add:padder|lpm_add_sub:adder[0]" CBX_FILE_NAME="add_sub_6ch.tdf"/>
		<CBX_INST_ENTRY INSTANCE_NAME="|DE2_TV|YCbCr2RGB:u8|MAC_3:u0|altmult_add:ALTMULT_ADD_component|mult_add_4f74:auto_generated|ded_mult_ob91:ded_mult1|alt_mac_mult:mac_mult9" CBX_FILE_NAME="mac_mult_amh1.tdf"/>
		<CBX_INST_ENTRY INSTANCE_NAME="|DE2_TV|lpm_mult:Mult17" CBX_FILE_NAME="mult_45t.tdf"/>
		<CBX_INST_ENTRY INSTANCE_NAME="|DE2_TV|lpm_mult:Mult27|mult_85t:auto_generated|alt_mac_mult:mac_mult3|lpm_mult:mult|multcore:mult_core|mpar_add:padder|lpm_add_sub:adder[0]" CBX_FILE_NAME="add_sub_6ch.tdf"/>
		<CBX_INST_ENTRY INSTANCE_NAME="|DE2_TV|lpm_mult:Mult8" CBX_FILE_NAME="mult_85t.tdf"/>
		<CBX_INST_ENTRY INSTANCE_NAME="|DE2_TV|YCbCr2RGB:u8|MAC_3:u1|altmult_add:ALTMULT_ADD_component|mult_add_4f74:auto_generated|ded_mult_ob91:ded_mult1|alt_mac_mult:mac_mult9" CBX_FILE_NAME="mac_mult_amh1.tdf"/>
		<CBX_INST_ENTRY INSTANCE_NAME="|DE2_TV|lpm_mult:Mult18" CBX_FILE_NAME="mult_65t.tdf"/>
		<CBX_INST_ENTRY INSTANCE_NAME="|DE2_TV|lpm_mult:Mult2|mult_65t:auto_generated|alt_mac_out:mac_out4" CBX_FILE_NAME="mac_out_in82.tdf"/>
		<CBX_INST_ENTRY INSTANCE_NAME="|DE2_TV|lpm_mult:Mult6|mult_25t:auto_generated|alt_mac_out:mac_out4" CBX_FILE_NAME="mac_out_en82.tdf"/>
		<CBX_INST_ENTRY INSTANCE_NAME="|DE2_TV|lpm_mult:Mult9" CBX_FILE_NAME="mult_85t.tdf"/>
		<CBX_INST_ENTRY INSTANCE_NAME="|DE2_TV|YCbCr2RGB:u8|MAC_3:u0|altmult_add:ALTMULT_ADD_component|mult_add_4f74:auto_generated|ded_mult_ob91:ded_mult3|alt_mac_mult:mac_mult9" CBX_FILE_NAME="mac_mult_amh1.tdf"/>
		<CBX_INST_ENTRY INSTANCE_NAME="|DE2_TV|lpm_mult:Mult19" CBX_FILE_NAME="mult_65t.tdf"/>
		<CBX_INST_ENTRY INSTANCE_NAME="|DE2_TV|lpm_mult:Mult29|mult_85t:auto_generated|alt_mac_mult:mac_mult3|lpm_mult:mult|multcore:mult_core|mpar_add:padder|lpm_add_sub:adder[0]" CBX_FILE_NAME="add_sub_6ch.tdf"/>
		<CBX_INST_ENTRY INSTANCE_NAME="|DE2_TV|YCbCr2RGB:u8|MAC_3:u1|altmult_add:ALTMULT_ADD_component|mult_add_4f74:auto_generated|ded_mult_ob91:ded_mult3|alt_mac_mult:mac_mult9" CBX_FILE_NAME="mac_mult_amh1.tdf"/>
		<CBX_INST_ENTRY INSTANCE_NAME="|DE2_TV|lpm_mult:Mult31|mult_65t:auto_generated|alt_mac_out:mac_out4" CBX_FILE_NAME="mac_out_in82.tdf"/>
		<CBX_INST_ENTRY INSTANCE_NAME="|DE2_TV|lpm_mult:Mult4|mult_65t:auto_generated|alt_mac_out:mac_out4" CBX_FILE_NAME="mac_out_in82.tdf"/>
		<CBX_INST_ENTRY INSTANCE_NAME="|DE2_TV|lpm_mult:Mult10|mult_45t:auto_generated|alt_mac_mult:mac_mult3|lpm_mult:mult|multcore:mult_core|mpar_add:padder|lpm_add_sub:adder[0]" CBX_FILE_NAME="add_sub_dch.tdf"/>
		<CBX_INST_ENTRY INSTANCE_NAME="|DE2_TV|lpm_mult:Mult14|mult_05t:auto_generated|alt_mac_mult:mac_mult3|lpm_mult:mult|multcore:mult_core|mpar_add:padder|lpm_add_sub:adder[0]" CBX_FILE_NAME="add_sub_bch.tdf"/>
		<CBX_INST_ENTRY INSTANCE_NAME="|DE2_TV|lpm_mult:Mult21|mult_85t:auto_generated|alt_mac_out:mac_out4" CBX_FILE_NAME="mac_out_2n82.tdf"/>
		<CBX_INST_ENTRY INSTANCE_NAME="|DE2_TV|YCbCr2RGB:u8|MAC_3:u0|altmult_add:ALTMULT_ADD_component" CBX_FILE_NAME="mult_add_4f74.tdf"/>
		<CBX_INST_ENTRY INSTANCE_NAME="|DE2_TV|YCbCr2RGB:u8|MAC_3:u0|altmult_add:ALTMULT_ADD_component|mult_add_4f74:auto_generated|ded_mult_ob91:ded_mult2|alt_mac_out:mac_out10" CBX_FILE_NAME="mac_out_9r92.tdf"/>
		<CBX_INST_ENTRY INSTANCE_NAME="|DE2_TV|YCbCr2RGB:u8|MAC_3:u1|altmult_add:ALTMULT_ADD_component|mult_add_4f74:auto_generated|ded_mult_ob91:ded_mult1|alt_mac_out:mac_out10" CBX_FILE_NAME="mac_out_9r92.tdf"/>
		<CBX_INST_ENTRY INSTANCE_NAME="|DE2_TV|lpm_mult:Mult0|mult_65t:auto_generated|alt_mac_mult:mac_mult3|lpm_mult:mult|multcore:mult_core|mpar_add:padder|lpm_add_sub:adder[0]" CBX_FILE_NAME="add_sub_5ch.tdf"/>
		<CBX_INST_ENTRY INSTANCE_NAME="|DE2_TV|lpm_mult:Mult11|mult_45t:auto_generated|alt_mac_mult:mac_mult3|lpm_mult:mult|multcore:mult_core|mpar_add:padder|lpm_add_sub:adder[0]" CBX_FILE_NAME="add_sub_dch.tdf"/>
		<CBX_INST_ENTRY INSTANCE_NAME="|DE2_TV|lpm_mult:Mult13|mult_85t:auto_generated|alt_mac_out:mac_out4" CBX_FILE_NAME="mac_out_2n82.tdf"/>
		<CBX_INST_ENTRY INSTANCE_NAME="|DE2_TV|lpm_mult:Mult15|mult_05t:auto_generated|alt_mac_mult:mac_mult3|lpm_mult:mult|multcore:mult_core|mpar_add:padder|lpm_add_sub:adder[0]" CBX_FILE_NAME="add_sub_bch.tdf"/>
		<CBX_INST_ENTRY INSTANCE_NAME="|DE2_TV|lpm_mult:Mult17|mult_45t:auto_generated|alt_mac_out:mac_out4" CBX_FILE_NAME="mac_out_gn82.tdf"/>
		<CBX_INST_ENTRY INSTANCE_NAME="|DE2_TV|lpm_mult:Mult22|mult_85t:auto_generated|alt_mac_out:mac_out4" CBX_FILE_NAME="mac_out_2n82.tdf"/>
		<CBX_INST_ENTRY INSTANCE_NAME="|DE2_TV|YCbCr2RGB:u8|MAC_3:u1|altmult_add:ALTMULT_ADD_component" CBX_FILE_NAME="mult_add_4f74.tdf"/>
		<CBX_INST_ENTRY INSTANCE_NAME="|DE2_TV|YCbCr2RGB:u8|MAC_3:u1|altmult_add:ALTMULT_ADD_component|mult_add_4f74:auto_generated|ded_mult_ob91:ded_mult2|alt_mac_out:mac_out10" CBX_FILE_NAME="mac_out_9r92.tdf"/>
		<CBX_INST_ENTRY INSTANCE_NAME="|DE2_TV|lpm_mult:Mult1|mult_65t:auto_generated|alt_mac_mult:mac_mult3|lpm_mult:mult|multcore:mult_core|mpar_add:padder|lpm_add_sub:adder[0]" CBX_FILE_NAME="add_sub_5ch.tdf"/>
		<CBX_INST_ENTRY INSTANCE_NAME="|DE2_TV|lpm_mult:Mult23|mult_85t:auto_generated|alt_mac_out:mac_out4" CBX_FILE_NAME="mac_out_2n82.tdf"/>
		<CBX_INST_ENTRY INSTANCE_NAME="|DE2_TV|YCbCr2RGB:u8|MAC_3:u1|altmult_add:ALTMULT_ADD_component|mult_add_4f74:auto_generated|ded_mult_ob91:ded_mult3|alt_mac_out:mac_out10" CBX_FILE_NAME="mac_out_9r92.tdf"/>
		<CBX_INST_ENTRY INSTANCE_NAME="|DE2_TV|YCbCr2RGB:u8|MAC_3:u2|altmult_add:ALTMULT_ADD_component" CBX_FILE_NAME="mult_add_4f74.tdf"/>
		<CBX_INST_ENTRY INSTANCE_NAME="|DE2_TV|Mirror_Col:u100|Stack_RAM:comb_96|altsyncram:altsyncram_component" CBX_FILE_NAME="altsyncram_ppq1.tdf"/>
		<CBX_INST_ENTRY INSTANCE_NAME="|DE2_TV|lpm_mult:Mult25|mult_85t:auto_generated|alt_mac_out:mac_out4" CBX_FILE_NAME="mac_out_2n82.tdf"/>
		<CBX_INST_ENTRY INSTANCE_NAME="|DE2_TV|lpm_mult:Mult30|mult_65t:auto_generated|alt_mac_mult:mac_mult3|lpm_mult:mult|multcore:mult_core|mpar_add:padder|lpm_add_sub:adder[0]" CBX_FILE_NAME="add_sub_5ch.tdf"/>
		<CBX_INST_ENTRY INSTANCE_NAME="|DE2_TV|lpm_mult:Mult3|mult_65t:auto_generated|alt_mac_mult:mac_mult3|lpm_mult:mult|multcore:mult_core|mpar_add:padder|lpm_add_sub:adder[0]" CBX_FILE_NAME="add_sub_5ch.tdf"/>
		<CBX_INST_ENTRY INSTANCE_NAME="|DE2_TV|lpm_mult:Mult7|mult_25t:auto_generated|alt_mac_mult:mac_mult3|lpm_mult:mult|multcore:mult_core|mpar_add:padder|lpm_add_sub:adder[0]" CBX_FILE_NAME="add_sub_cch.tdf"/>
		<CBX_INST_ENTRY INSTANCE_NAME="|DE2_TV|Sdram_Control_4Port:u6|Sdram_RD_FIFO:read_fifo1|dcfifo:dcfifo_component" CBX_FILE_NAME="dcfifo_iep1.tdf"/>
		<CBX_INST_ENTRY INSTANCE_NAME="|DE2_TV|lpm_mult:Mult19|mult_65t:auto_generated|alt_mac_out:mac_out4" CBX_FILE_NAME="mac_out_in82.tdf"/>
		<CBX_INST_ENTRY INSTANCE_NAME="|DE2_TV|lpm_mult:Mult20|mult_85t:auto_generated|alt_mac_mult:mac_mult3|lpm_mult:mult|multcore:mult_core|mpar_add:padder|lpm_add_sub:adder[0]" CBX_FILE_NAME="add_sub_6ch.tdf"/>
		<CBX_INST_ENTRY INSTANCE_NAME="|DE2_TV|lpm_mult:Mult8|mult_85t:auto_generated|alt_mac_out:mac_out4" CBX_FILE_NAME="mac_out_2n82.tdf"/>
		<CBX_INST_ENTRY INSTANCE_NAME="|DE2_TV|Sdram_Control_4Port:u6|Sdram_RD_FIFO:read_fifo2|dcfifo:dcfifo_component" CBX_FILE_NAME="dcfifo_iep1.tdf"/>
		<CBX_INST_ENTRY INSTANCE_NAME="|DE2_TV|lpm_mult:Mult12|mult_85t:auto_generated|alt_mac_mult:mac_mult3|lpm_mult:mult|multcore:mult_core|mpar_add:padder|lpm_add_sub:adder[0]" CBX_FILE_NAME="add_sub_6ch.tdf"/>
		<CBX_INST_ENTRY INSTANCE_NAME="|DE2_TV|lpm_mult:Mult16|mult_45t:auto_generated|alt_mac_mult:mac_mult3|lpm_mult:mult|multcore:mult_core|mpar_add:padder|lpm_add_sub:adder[0]" CBX_FILE_NAME="add_sub_dch.tdf"/>
		<CBX_INST_ENTRY INSTANCE_NAME="|DE2_TV|lpm_mult:Mult20" CBX_FILE_NAME="mult_85t.tdf"/>
		<CBX_INST_ENTRY INSTANCE_NAME="|DE2_TV|lpm_mult:Mult27|mult_85t:auto_generated|alt_mac_out:mac_out4" CBX_FILE_NAME="mac_out_2n82.tdf"/>
		<CBX_INST_ENTRY INSTANCE_NAME="|DE2_TV|lpm_mult:Mult5|mult_65t:auto_generated|alt_mac_mult:mac_mult3|lpm_mult:mult|multcore:mult_core|mpar_add:padder|lpm_add_sub:adder[0]" CBX_FILE_NAME="add_sub_5ch.tdf"/>
		<CBX_INST_ENTRY INSTANCE_NAME="|DE2_TV|Sdram_Control_4Port:u6|Sdram_WR_FIFO:write_fifo1|dcfifo:dcfifo_component" CBX_FILE_NAME="dcfifo_iep1.tdf"/>
		<CBX_INST_ENTRY INSTANCE_NAME="|DE2_TV|lpm_mult:Mult21" CBX_FILE_NAME="mult_85t.tdf"/>
		<CBX_INST_ENTRY INSTANCE_NAME="|DE2_TV|lpm_mult:Mult22|mult_85t:auto_generated|alt_mac_mult:mac_mult3|lpm_mult:mult|multcore:mult_core|mpar_add:padder|lpm_add_sub:adder[0]" CBX_FILE_NAME="add_sub_6ch.tdf"/>
		<CBX_INST_ENTRY INSTANCE_NAME="|DE2_TV|Sdram_Control_4Port:u6|Sdram_WR_FIFO:write_fifo2|dcfifo:dcfifo_component" CBX_FILE_NAME="dcfifo_iep1.tdf"/>
		<CBX_INST_ENTRY INSTANCE_NAME="|DE2_TV|lpm_mult:Mult22" CBX_FILE_NAME="mult_85t.tdf"/>
		<CBX_INST_ENTRY INSTANCE_NAME="|DE2_TV|lpm_mult:Mult29|mult_85t:auto_generated|alt_mac_out:mac_out4" CBX_FILE_NAME="mac_out_2n82.tdf"/>
		<CBX_INST_ENTRY INSTANCE_NAME="|DE2_TV|lpm_mult:Mult23" CBX_FILE_NAME="mult_85t.tdf"/>
		<CBX_INST_ENTRY INSTANCE_NAME="|DE2_TV|lpm_mult:Mult24|mult_85t:auto_generated|alt_mac_mult:mac_mult3|lpm_mult:mult|multcore:mult_core|mpar_add:padder|lpm_add_sub:adder[0]" CBX_FILE_NAME="add_sub_6ch.tdf"/>
		<CBX_INST_ENTRY INSTANCE_NAME="|DE2_TV|lpm_mult:Mult10|mult_45t:auto_generated|alt_mac_out:mac_out4" CBX_FILE_NAME="mac_out_gn82.tdf"/>
		<CBX_INST_ENTRY INSTANCE_NAME="|DE2_TV|lpm_mult:Mult14|mult_05t:auto_generated|alt_mac_out:mac_out4" CBX_FILE_NAME="mac_out_cn82.tdf"/>
		<CBX_INST_ENTRY INSTANCE_NAME="|DE2_TV|lpm_mult:Mult18|mult_65t:auto_generated|alt_mac_mult:mac_mult3|lpm_mult:mult|multcore:mult_core|mpar_add:padder|lpm_add_sub:adder[0]" CBX_FILE_NAME="add_sub_5ch.tdf"/>
		<CBX_INST_ENTRY INSTANCE_NAME="|DE2_TV|lpm_mult:Mult24" CBX_FILE_NAME="mult_85t.tdf"/>
		<CBX_INST_ENTRY INSTANCE_NAME="|DE2_TV|lpm_mult:Mult25" CBX_FILE_NAME="mult_85t.tdf"/>
		<CBX_INST_ENTRY INSTANCE_NAME="|DE2_TV|lpm_mult:Mult26|mult_85t:auto_generated|alt_mac_mult:mac_mult3|lpm_mult:mult|multcore:mult_core|mpar_add:padder|lpm_add_sub:adder[0]" CBX_FILE_NAME="add_sub_6ch.tdf"/>
		<CBX_INST_ENTRY INSTANCE_NAME="|DE2_TV|lpm_mult:Mult1|mult_65t:auto_generated|alt_mac_out:mac_out4" CBX_FILE_NAME="mac_out_in82.tdf"/>
		<CBX_INST_ENTRY INSTANCE_NAME="|DE2_TV|lpm_mult:Mult26" CBX_FILE_NAME="mult_85t.tdf"/>
		<CBX_INST_ENTRY INSTANCE_NAME="|DE2_TV|lpm_mult:Mult9|mult_85t:auto_generated|alt_mac_mult:mac_mult3|lpm_mult:mult|multcore:mult_core|mpar_add:padder|lpm_add_sub:adder[0]" CBX_FILE_NAME="add_sub_6ch.tdf"/>
		<CBX_INST_ENTRY INSTANCE_NAME="|DE2_TV|Mirror_Col:u100|Stack_RAM:comb_62|altsyncram:altsyncram_component" CBX_FILE_NAME="altsyncram_ppq1.tdf"/>
		<CBX_INST_ENTRY INSTANCE_NAME="|DE2_TV|YCbCr2RGB:u8|MAC_3:u0|altmult_add:ALTMULT_ADD_component|mult_add_4f74:auto_generated|ded_mult_ob91:ded_mult2|alt_mac_mult:mac_mult9" CBX_FILE_NAME="mac_mult_amh1.tdf"/>
		<CBX_INST_ENTRY INSTANCE_NAME="|DE2_TV|lpm_mult:Mult27" CBX_FILE_NAME="mult_85t.tdf"/>
		<CBX_INST_ENTRY INSTANCE_NAME="|DE2_TV|lpm_mult:Mult28|mult_85t:auto_generated|alt_mac_mult:mac_mult3|lpm_mult:mult|multcore:mult_core|mpar_add:padder|lpm_add_sub:adder[0]" CBX_FILE_NAME="add_sub_6ch.tdf"/>
		<CBX_INST_ENTRY INSTANCE_NAME="|DE2_TV|YCbCr2RGB:u8|MAC_3:u1|altmult_add:ALTMULT_ADD_component|mult_add_4f74:auto_generated|ded_mult_ob91:ded_mult2|alt_mac_mult:mac_mult9" CBX_FILE_NAME="mac_mult_amh1.tdf"/>
		<CBX_INST_ENTRY INSTANCE_NAME="|DE2_TV|lpm_mult:Mult28" CBX_FILE_NAME="mult_85t.tdf"/>
		<CBX_INST_ENTRY INSTANCE_NAME="|DE2_TV|lpm_mult:Mult30|mult_65t:auto_generated|alt_mac_out:mac_out4" CBX_FILE_NAME="mac_out_in82.tdf"/>
		<CBX_INST_ENTRY INSTANCE_NAME="|DE2_TV|lpm_mult:Mult3|mult_65t:auto_generated|alt_mac_out:mac_out4" CBX_FILE_NAME="mac_out_in82.tdf"/>
		<CBX_INST_ENTRY INSTANCE_NAME="|DE2_TV|lpm_mult:Mult7|mult_25t:auto_generated|alt_mac_out:mac_out4" CBX_FILE_NAME="mac_out_en82.tdf"/>
		<CBX_INST_ENTRY INSTANCE_NAME="|DE2_TV|lpm_mult:Mult20|mult_85t:auto_generated|alt_mac_out:mac_out4" CBX_FILE_NAME="mac_out_2n82.tdf"/>
		<CBX_INST_ENTRY INSTANCE_NAME="|DE2_TV|lpm_mult:Mult29" CBX_FILE_NAME="mult_85t.tdf"/>
		<CBX_INST_ENTRY INSTANCE_NAME="|DE2_TV|YCbCr2RGB:u8|MAC_3:u0|altmult_add:ALTMULT_ADD_component|mult_add_4f74:auto_generated|ded_mult_ob91:ded_mult1|alt_mac_out:mac_out10" CBX_FILE_NAME="mac_out_9r92.tdf"/>
		<CBX_INST_ENTRY INSTANCE_NAME="|DE2_TV|lpm_mult:Mult12|mult_85t:auto_generated|alt_mac_out:mac_out4" CBX_FILE_NAME="mac_out_2n82.tdf"/>
		<CBX_INST_ENTRY INSTANCE_NAME="|DE2_TV|lpm_mult:Mult16|mult_45t:auto_generated|alt_mac_out:mac_out4" CBX_FILE_NAME="mac_out_gn82.tdf"/>
		<CBX_INST_ENTRY INSTANCE_NAME="|DE2_TV|lpm_mult:Mult5|mult_65t:auto_generated|alt_mac_out:mac_out4" CBX_FILE_NAME="mac_out_in82.tdf"/>
	</PROJECT>
</LOG_ROOT>
