<?xml version="1.0" ?>
<LOG_ROOT>
	<PROJECT NAME="TwoProcessor">
		<CBX_INST_ENTRY INSTANCE_NAME="|TwoProcessor|TwoProc:mytwo|cpu_1:the_cpu_1|cpu_1_mult_cell:the_cpu_1_mult_cell|altmult_add:the_altmult_add_part_1" CBX_FILE_NAME="mult_add_4cr2.tdf"/>
		<CBX_INST_ENTRY INSTANCE_NAME="|TwoProcessor|TwoProc:mytwo|cpu_0:the_cpu_0|cpu_0_ic_data_module:cpu_0_ic_data|altsyncram:the_altsyncram" CBX_FILE_NAME="altsyncram_cub1.tdf"/>
		<CBX_INST_ENTRY INSTANCE_NAME="|TwoProcessor|TwoProc:mytwo|cpu_0:the_cpu_0|cpu_0_ic_tag_module:cpu_0_ic_tag|altsyncram:the_altsyncram" CBX_FILE_NAME="altsyncram_tke1.tdf"/>
		<CBX_INST_ENTRY INSTANCE_NAME="|TwoProcessor|TwoProc:mytwo|cpu_0:the_cpu_0|cpu_0_mult_cell:the_cpu_0_mult_cell|altmult_add:the_altmult_add_part_2" CBX_FILE_NAME="mult_add_6cr2.tdf"/>
		<CBX_INST_ENTRY INSTANCE_NAME="|TwoProcessor|TwoProc:mytwo|cpu_0:the_cpu_0|cpu_0_register_bank_b_module:cpu_0_register_bank_b|altsyncram:the_altsyncram" CBX_FILE_NAME="altsyncram_5be1.tdf"/>
		<CBX_INST_ENTRY INSTANCE_NAME="|TwoProcessor|TwoProc:mytwo|cpu_1:the_cpu_1|cpu_1_ic_data_module:cpu_1_ic_data|altsyncram:the_altsyncram" CBX_FILE_NAME="altsyncram_cub1.tdf"/>
		<CBX_INST_ENTRY INSTANCE_NAME="|TwoProcessor|TwoProc:mytwo|cpu_1:the_cpu_1|cpu_1_ic_tag_module:cpu_1_ic_tag|altsyncram:the_altsyncram" CBX_FILE_NAME="altsyncram_uke1.tdf"/>
		<CBX_INST_ENTRY INSTANCE_NAME="|TwoProcessor|TwoProc:mytwo|cpu_1:the_cpu_1|cpu_1_mult_cell:the_cpu_1_mult_cell|altmult_add:the_altmult_add_part_2" CBX_FILE_NAME="mult_add_6cr2.tdf"/>
		<CBX_INST_ENTRY INSTANCE_NAME="|TwoProcessor|TwoProc:mytwo|cpu_1:the_cpu_1|cpu_1_register_bank_b_module:cpu_1_register_bank_b|altsyncram:the_altsyncram" CBX_FILE_NAME="altsyncram_7be1.tdf"/>
		<CBX_INST_ENTRY INSTANCE_NAME="|TwoProcessor|TwoProc:mytwo|mailbox_memory:the_mailbox_memory|altsyncram:the_altsyncram" CBX_FILE_NAME="altsyncram_p0a1.tdf"/>
		<CBX_INST_ENTRY INSTANCE_NAME="|TwoProcessor|TwoProc:mytwo|cpu_0:the_cpu_0|cpu_0_nios2_oci:the_cpu_0_nios2_oci|cpu_0_nios2_oci_im:the_cpu_0_nios2_oci_im|cpu_0_traceram_lpm_dram_bdp_component_module:cpu_0_traceram_lpm_dram_bdp_component|altsyncram:the_altsyncram" CBX_FILE_NAME="altsyncram_e502.tdf"/>
		<CBX_INST_ENTRY INSTANCE_NAME="|TwoProcessor|TwoProc:mytwo|cpu_0:the_cpu_0|cpu_0_nios2_oci:the_cpu_0_nios2_oci|cpu_0_nios2_ocimem:the_cpu_0_nios2_ocimem|cpu_0_ociram_lpm_dram_bdp_component_module:cpu_0_ociram_lpm_dram_bdp_component|altsyncram:the_altsyncram" CBX_FILE_NAME="altsyncram_c572.tdf"/>
		<CBX_INST_ENTRY INSTANCE_NAME="|TwoProcessor|TwoProc:mytwo|cpu_0:the_cpu_0|cpu_0_register_bank_a_module:cpu_0_register_bank_a|altsyncram:the_altsyncram" CBX_FILE_NAME="altsyncram_4be1.tdf"/>
		<CBX_INST_ENTRY INSTANCE_NAME="|TwoProcessor|TwoProc:mytwo|cpu_1:the_cpu_1|cpu_1_nios2_oci:the_cpu_1_nios2_oci|cpu_1_nios2_oci_im:the_cpu_1_nios2_oci_im|cpu_1_traceram_lpm_dram_bdp_component_module:cpu_1_traceram_lpm_dram_bdp_component|altsyncram:the_altsyncram" CBX_FILE_NAME="altsyncram_e502.tdf"/>
		<CBX_INST_ENTRY INSTANCE_NAME="|TwoProcessor|TwoProc:mytwo|cpu_1:the_cpu_1|cpu_1_nios2_oci:the_cpu_1_nios2_oci|cpu_1_nios2_ocimem:the_cpu_1_nios2_ocimem|cpu_1_ociram_lpm_dram_bdp_component_module:cpu_1_ociram_lpm_dram_bdp_component|altsyncram:the_altsyncram" CBX_FILE_NAME="altsyncram_d572.tdf"/>
		<CBX_INST_ENTRY INSTANCE_NAME="|TwoProcessor|TwoProc:mytwo|cpu_1:the_cpu_1|cpu_1_register_bank_a_module:cpu_1_register_bank_a|altsyncram:the_altsyncram" CBX_FILE_NAME="altsyncram_6be1.tdf"/>
		<CBX_INST_ENTRY INSTANCE_NAME="|TwoProcessor|TwoProc:mytwo|cpu_0:the_cpu_0|cpu_0_mult_cell:the_cpu_0_mult_cell|altmult_add:the_altmult_add_part_1" CBX_FILE_NAME="mult_add_4cr2.tdf"/>
		<CBX_INST_ENTRY INSTANCE_NAME="|TwoProcessor|sld_hub:sld_hub_inst|lpm_decode:instruction_decoder" CBX_FILE_NAME="decode_aoi.tdf"/>
	</PROJECT>
</LOG_ROOT>
