
<!--
This XML file (created on Mon Jul 03 12:14:39 2006) contains limited information
from the compilation of logic designs using Quartus II software (BUT NOT THE
LOGIC DESIGN FILES) that will be transmitted to Altera Corporation through
operation of the "TalkBack" feature.  To enable/disable this feature, run
qtb_install.exe located in your quartus/bin folder.  For more information, go
to www.altera.com/products/software/download/dnl-download_license.html
-->
<talkback>
<ver>5.1</ver>
<schema>quartus_version_5.1_build_176.xsd</schema><license>
	<host_id>00123f4b0b3f</host_id>
	<nic_id>00123f4b0b3f</nic_id>
	<cdrive_id>882dfa9e</cdrive_id>
</license>
<tool>
	<name>Quartus II</name>
	<version>5.1</version>
	<build>Build 176</build>
	<binary_type>32</binary_type>
	<module>quartus_asm.exe</module>
	<edition>Web Edition</edition>
	<compilation_end_time>Mon Jul 03 12:14:40 2006</compilation_end_time>
</tool>
<machine>
	<os>Windows XP</os>
	<cpu>
		<proc_count>2</proc_count>
		<cpu_freq units="MHz">3391</cpu_freq>
	</cpu>
	<ram units="MB">1023</ram>
</machine>
<top_file>C:/DE2/NiosIIisr/TimerTest</top_file>
<mep_data>
	<command_line>quartus_asm --read_settings_files=off --write_settings_files=off TimerTest -c TimerTest</command_line>
</mep_data>
<software_data>
	<smart_recompile>off</smart_recompile>
</software_data>
<assembler_settings>
	<row>
		<option>Use smart compilation</option>
		<setting>Off</setting>
		<default_value>Off</default_value>
	</row>
	<row>
		<option>Generate Serial Vector Format File (.svf) for Target Device</option>
		<setting>Off</setting>
		<default_value>Off</default_value>
	</row>
	<row>
		<option>Generate a JEDEC STAPL Format File (.jam) for Target Device</option>
		<setting>Off</setting>
		<default_value>Off</default_value>
	</row>
	<row>
		<option>Generate an uncompressed Jam STAPL Byte Code 2.0 File (.jbc) for Target Device</option>
		<setting>Off</setting>
		<default_value>Off</default_value>
	</row>
	<row>
		<option>Generate a compressed Jam STAPL Byte Code 2.0 File (.jbc) for Target Device</option>
		<setting>On</setting>
		<default_value>On</default_value>
	</row>
	<row>
		<option>Generate compressed bitstreams</option>
		<setting>On</setting>
		<default_value>On</default_value>
	</row>
	<row>
		<option>Compression mode</option>
		<setting>Off</setting>
		<default_value>Off</default_value>
	</row>
	<row>
		<option>Clock source for configuration device</option>
		<setting>Internal</setting>
		<default_value>Internal</default_value>
	</row>
	<row>
		<option>Clock frequency of the configuration device</option>
		<setting units="MHz">10</setting>
		<default_value units="MHz">10</default_value>
	</row>
	<row>
		<option>Divide clock frequency by</option>
		<setting>1</setting>
		<default_value>1</default_value>
	</row>
	<row>
		<option>JTAG user code for target device</option>
		<setting>Ffffffff</setting>
		<default_value>Ffffffff</default_value>
	</row>
	<row>
		<option>Configuration device</option>
		<setting>Auto</setting>
		<default_value>Auto</default_value>
	</row>
	<row>
		<option>JTAG user code for configuration device</option>
		<setting>Ffffffff</setting>
		<default_value>Ffffffff</default_value>
	</row>
	<row>
		<option>Configuration device auto user code</option>
		<setting>Off</setting>
		<default_value>Off</default_value>
	</row>
	<row>
		<option>Generate Tabular Text File (.ttf) For Target Device</option>
		<setting>Off</setting>
		<default_value>Off</default_value>
	</row>
	<row>
		<option>Generate Raw Binary File (.rbf) For Target Device</option>
		<setting>Off</setting>
		<default_value>Off</default_value>
	</row>
	<row>
		<option>Generate Hexadecimal (Intel-Format) Output File (.hexout) for Target Device</option>
		<setting>Off</setting>
		<default_value>Off</default_value>
	</row>
	<row>
		<option>Hexadecimal Output File start address</option>
		<setting>0</setting>
		<default_value>0</default_value>
	</row>
	<row>
		<option>Hexadecimal Output File count direction</option>
		<setting>Up</setting>
		<default_value>Up</default_value>
	</row>
	<row>
		<option>Release clears before tri-states</option>
		<setting>Off</setting>
		<default_value>Off</default_value>
	</row>
	<row>
		<option>Auto-restart configuration after error</option>
		<setting>On</setting>
		<default_value>On</default_value>
	</row>
	<row>
		<option>Always Enable Input Buffers</option>
		<setting>Off</setting>
		<default_value>Off</default_value>
	</row>
	<row>
		<option>Maintain Compatibility with All Cyclone II M4K Versions</option>
		<setting>On</setting>
		<default_value>On</default_value>
	</row>
</assembler_settings>
</talkback>
