
<!--
This XML file (created on Mon Jul 03 12:14:30 2006) contains limited information
from the compilation of logic designs using Quartus II software (BUT NOT THE
LOGIC DESIGN FILES) that will be transmitted to Altera Corporation through
operation of the "TalkBack" feature.  To enable/disable this feature, run
qtb_install.exe located in your quartus/bin folder.  For more information, go
to www.altera.com/products/software/download/dnl-download_license.html
-->
<talkback>
<ver>5.1</ver>
<schema>quartus_version_5.1_build_176.xsd</schema><license>
	<host_id>00123f4b0b3f</host_id>
	<nic_id>00123f4b0b3f</nic_id>
	<cdrive_id>882dfa9e</cdrive_id>
</license>
<tool>
	<name>Quartus II</name>
	<version>5.1</version>
	<build>Build 176</build>
	<binary_type>32</binary_type>
	<module>quartus_fit.exe</module>
	<edition>Web Edition</edition>
	<compilation_end_time>Mon Jul 03 12:14:30 2006</compilation_end_time>
</tool>
<machine>
	<os>Windows XP</os>
	<cpu>
		<proc_count>2</proc_count>
		<cpu_freq units="MHz">3391</cpu_freq>
	</cpu>
	<ram units="MB">1023</ram>
</machine>
<top_file>C:/DE2/NiosIIisr/TimerTest</top_file>
<resource_usage_summary>
	<rsc name="Total logic elements" util="4" max=" 33216 " type="int">1431 </rsc>
	<rsc name="-- Combinational with no register" type="int">666</rsc>
	<rsc name="-- Register only" type="int">86</rsc>
	<rsc name="-- Combinational with a register" type="int">679</rsc>
	<rsc name="Logic element usage by number of LUT inputs" type="text"></rsc>
	<rsc name="-- 4 input functions" type="int">736</rsc>
	<rsc name="-- 3 input functions" type="int">394</rsc>
	<rsc name="-- &lt;=2 input functions" type="int">215</rsc>
	<rsc name="-- Register only" type="int">86</rsc>
	<rsc name="-- Combinational cells for routing" type="int">62</rsc>
	<rsc name="Logic elements by mode" type="text"></rsc>
	<rsc name="-- normal mode" type="int">1220</rsc>
	<rsc name="-- arithmetic mode" type="int">125</rsc>
	<rsc name="Total registers" util="2" max=" 33216 " type="int">765 </rsc>
	<rsc name="Total LABs" util="6" max=" 2076 " type="int">120 </rsc>
	<rsc name="User inserted logic elements" type="int">0</rsc>
	<rsc name="Virtual pins" type="int">0</rsc>
	<rsc name="I/O pins" util="17" max=" 475 " type="int">82 </rsc>
	<rsc name="-- Clock pins" util="75" max=" 8 " type="int">6 </rsc>
	<rsc name="Global signals" type="int">13</rsc>
	<rsc name="M4Ks" util="11" max=" 105 " type="int">12 </rsc>
	<rsc name="Total memory bits" util="9" max=" 483840 " type="int">41984 </rsc>
	<rsc name="Total RAM block bits" util="11" max=" 483840 " type="int">55296 </rsc>
	<rsc name="Embedded Multiplier 9-bit elements" util="0" max=" 70 " type="int">0 </rsc>
	<rsc name="PLLs" util="0" max=" 4 " type="int">0 </rsc>
	<rsc name="Global clocks" util="81" max=" 16 " type="int">13 </rsc>
	<rsc name="Maximum fan-out node" type="text">CLOCK_50~clkctrl</rsc>
	<rsc name="Maximum fan-out" type="int">548</rsc>
	<rsc name="Highest non-global fan-out signal" type="text">NiosII:niosIItimer|cpu_0:the_cpu_0|cpu_0_nios2_oci:the_cpu_0_nios2_oci|cpu_0_nios2_oci_break:the_cpu_0_nios2_oci_break|break_readreg[3]~1257</rsc>
	<rsc name="Highest non-global fan-out" type="int">64</rsc>
	<rsc name="Total fan-out" type="int">7913</rsc>
	<rsc name="Average fan-out" type="float">3.46</rsc>
</resource_usage_summary>
<control_signals>
	<row>
		<name>pzdyqx:nabboc|MDCK2395:\cycloneii_WCRO7487_gen_0:cycloneii_WCRO7487_gen_1|EPEO2888_6</name>
		<location>LCFF_X46_Y29_N5</location>
		<fan_out>2</fan_out>
		<usage>Clock</usage>
		<global>no</global>
	</row>
	<row>
		<name>pzdyqx:nabboc|MDCK2395:\cycloneii_WCRO7487_gen_0:cycloneii_WCRO7487_gen_1|EPEO2888_5</name>
		<location>LCFF_X46_Y29_N1</location>
		<fan_out>2</fan_out>
		<usage>Clock</usage>
		<global>no</global>
	</row>
	<row>
		<name>pzdyqx:nabboc|MDCK2395:\cycloneii_WCRO7487_gen_0:cycloneii_WCRO7487_gen_1|EPEO2888_4</name>
		<location>LCFF_X53_Y23_N9</location>
		<fan_out>2</fan_out>
		<usage>Clock</usage>
		<global>no</global>
	</row>
	<row>
		<name>pzdyqx:nabboc|MDCK2395:\cycloneii_WCRO7487_gen_0:cycloneii_WCRO7487_gen_1|EPEO2888_3</name>
		<location>LCFF_X54_Y21_N5</location>
		<fan_out>2</fan_out>
		<usage>Clock</usage>
		<global>no</global>
	</row>
	<row>
		<name>pzdyqx:nabboc|MDCK2395:\cycloneii_WCRO7487_gen_0:cycloneii_WCRO7487_gen_1|EPEO2888_2</name>
		<location>LCFF_X54_Y21_N1</location>
		<fan_out>2</fan_out>
		<usage>Clock</usage>
		<global>no</global>
	</row>
	<row>
		<name>pzdyqx:nabboc|MDCK2395:\cycloneii_WCRO7487_gen_0:cycloneii_WCRO7487_gen_1|EPEO2888_1</name>
		<location>LCFF_X53_Y21_N15</location>
		<fan_out>2</fan_out>
		<usage>Clock</usage>
		<global>no</global>
	</row>
	<row>
		<name>pzdyqx:nabboc|MDCK2395:\cycloneii_WCRO7487_gen_0:cycloneii_WCRO7487_gen_1|EPEO2888_0</name>
		<location>LCFF_X53_Y21_N9</location>
		<fan_out>2</fan_out>
		<usage>Clock</usage>
		<global>no</global>
	</row>
	<row>
		<name>pzdyqx:nabboc|MDCK2395:\cycloneii_WCRO7487_gen_0:cycloneii_WCRO7487_gen_1|\IAZL1155:12:LJMV0916_1</name>
		<location>LCCOMB_X53_Y21_N24</location>
		<fan_out>2</fan_out>
		<usage>Clock</usage>
		<global>no</global>
	</row>
	<row>
		<name>altera_internal_jtag~CLKDRUSER</name>
		<location>JTAG_X1_Y19_N0</location>
		<fan_out>23</fan_out>
		<usage>Clock</usage>
		<global>yes</global>
		<global_resource_used>Global clock</global_resource_used>
		<global_line_name>GCLK1</global_line_name>
	</row>
	<row>
		<name>altera_internal_jtag~UPDATEUSER</name>
		<location>JTAG_X1_Y19_N0</location>
		<fan_out>48</fan_out>
		<usage>Async. clear, Clock</usage>
		<global>yes</global>
		<global_resource_used>Global clock</global_resource_used>
		<global_line_name>GCLK9</global_line_name>
	</row>
	<row>
		<name>altera_internal_jtag~TCKUTAP</name>
		<location>JTAG_X1_Y19_N0</location>
		<fan_out>119</fan_out>
		<usage>Clock</usage>
		<global>yes</global>
		<global_resource_used>Global clock</global_resource_used>
		<global_line_name>GCLK0</global_line_name>
	</row>
	<row>
		<name>CLOCK_50</name>
		<location>PIN_N2</location>
		<fan_out>548</fan_out>
		<usage>Clock</usage>
		<global>yes</global>
		<global_resource_used>Global clock</global_resource_used>
		<global_line_name>GCLK2</global_line_name>
	</row>
	<row>
		<name>pzdyqx:nabboc|MDCK2395:\cycloneii_WCRO7487_gen_0:cycloneii_WCRO7487_gen_1|EPEO2888_7</name>
		<location>LCFF_X38_Y31_N1</location>
		<fan_out>20</fan_out>
		<usage>Clock</usage>
		<global>yes</global>
		<global_resource_used>Global clock</global_resource_used>
		<global_line_name>GCLK10</global_line_name>
	</row>
	<row>
		<name>NiosII:niosIItimer|NiosII_reset_clk_domain_synch_module:NiosII_reset_clk_domain_synch|data_out</name>
		<location>LCFF_X25_Y18_N23</location>
		<fan_out>144</fan_out>
		<usage>Async. clear</usage>
		<global>yes</global>
		<global_resource_used>Global clock</global_resource_used>
		<global_line_name>GCLK15</global_line_name>
	</row>
	<row>
		<name>NiosII:niosIItimer|cpu_0:the_cpu_0|hq3myc14108phmpo7y7qmhbp98hy0vq~0</name>
		<location>LCCOMB_X35_Y17_N20</location>
		<fan_out>304</fan_out>
		<usage>Async. clear</usage>
		<global>yes</global>
		<global_resource_used>Global clock</global_resource_used>
		<global_line_name>GCLK8</global_line_name>
	</row>
	<row>
		<name>pzdyqx:nabboc|VELJ8121:JDCF0099|EHEH8502</name>
		<location>LCCOMB_X34_Y16_N20</location>
		<fan_out>9</fan_out>
		<usage>Async. clear</usage>
		<global>yes</global>
		<global_resource_used>Global clock</global_resource_used>
		<global_line_name>GCLK13</global_line_name>
	</row>
	<row>
		<name>sld_hub:sld_hub_inst|CLRN_SIGNAL</name>
		<location>LCFF_X35_Y16_N21</location>
		<fan_out>146</fan_out>
		<usage>Async. clear</usage>
		<global>yes</global>
		<global_resource_used>Global clock</global_resource_used>
		<global_line_name>GCLK11</global_line_name>
	</row>
	<row>
		<name>pzdyqx:nabboc|MDCK2395:\cycloneii_WCRO7487_gen_0:cycloneii_WCRO7487_gen_1|WCRO7487_0</name>
		<location>LCCOMB_X2_Y24_N26</location>
		<fan_out>17</fan_out>
		<usage>Clock</usage>
		<global>yes</global>
		<global_resource_used>Global clock</global_resource_used>
		<global_line_name>GCLK3</global_line_name>
	</row>
	<row>
		<name>pzdyqx:nabboc|process1~0</name>
		<location>LCCOMB_X42_Y19_N24</location>
		<fan_out>4</fan_out>
		<usage>Async. clear</usage>
		<global>yes</global>
		<global_resource_used>Global clock</global_resource_used>
		<global_line_name>GCLK4</global_line_name>
	</row>
	<row>
		<name>sld_hub:sld_hub_inst|sld_jtag_state_machine:jtag_state_machine|state[0]</name>
		<location>LCFF_X35_Y21_N25</location>
		<fan_out>13</fan_out>
		<usage>Async. clear</usage>
		<global>yes</global>
		<global_resource_used>Global clock</global_resource_used>
		<global_line_name>GCLK6</global_line_name>
	</row>
	<row>
		<name>NiosII:niosIItimer|reset_n_sources~1</name>
		<location>LCCOMB_X31_Y17_N14</location>
		<fan_out>2</fan_out>
		<usage>Async. clear</usage>
		<global>yes</global>
		<global_resource_used>Global clock</global_resource_used>
		<global_line_name>GCLK14</global_line_name>
	</row>
</control_signals>
<non_global_high_fan_out_signals>
	<row>
		<name>NiosII:niosIItimer|leds:the_leds|data_out[0]</name>
		<fan_out>9</fan_out>
	</row>
	<row>
		<name>NiosII:niosIItimer|leds:the_leds|data_out[1]</name>
		<fan_out>8</fan_out>
	</row>
	<row>
		<name>NiosII:niosIItimer|leds:the_leds|data_out[2]</name>
		<fan_out>8</fan_out>
	</row>
	<row>
		<name>NiosII:niosIItimer|leds:the_leds|data_out[3]</name>
		<fan_out>8</fan_out>
	</row>
	<row>
		<name>NiosII:niosIItimer|leds:the_leds|data_out[4]</name>
		<fan_out>8</fan_out>
	</row>
	<row>
		<name>NiosII:niosIItimer|leds:the_leds|data_out[5]</name>
		<fan_out>8</fan_out>
	</row>
	<row>
		<name>NiosII:niosIItimer|leds:the_leds|data_out[6]</name>
		<fan_out>8</fan_out>
	</row>
	<row>
		<name>NiosII:niosIItimer|leds:the_leds|data_out[7]</name>
		<fan_out>8</fan_out>
	</row>
	<row>
		<name>HexDigit:Digit7|segs[0]~69</name>
		<fan_out>1</fan_out>
	</row>
	<row>
		<name>HexDigit:Digit7|segs[1]~70</name>
		<fan_out>1</fan_out>
	</row>
</non_global_high_fan_out_signals>
<ram_summary>
	<row>
		<name>NiosII:niosIItimer|cpu_0:the_cpu_0|cpu_0_rf_module:cpu_0_rf|altsyncram:the_altsyncram|altsyncram_r0r1:auto_generated|ALTSYNCRAM</name>
		<type>AUTO</type>
		<mode>True Dual Port</mode>
		<port_a_depth>32</port_a_depth>
		<port_a_width>32</port_a_width>
		<port_b_depth>32</port_b_depth>
		<port_b_width>32</port_b_width>
		<port_a_input_registers>yes</port_a_input_registers>
		<port_a_output_registers>no</port_a_output_registers>
		<port_b_input_registers>yes</port_b_input_registers>
		<port_b_output_registers>no</port_b_output_registers>
		<size>1024</size>
		<m4ks>2</m4ks>
		<mif>rf_ram.mif</mif>
		<location>M4K_X26_Y19, M4K_X26_Y18</location>
	</row>
	<row>
		<name>NiosII:niosIItimer|mem_onchip:the_mem_onchip|altsyncram:the_altsyncram|altsyncram_1m21:auto_generated|ALTSYNCRAM</name>
		<type>M4K</type>
		<mode>Single Port</mode>
		<port_a_depth>1024</port_a_depth>
		<port_a_width>32</port_a_width>
		<port_a_input_registers>yes</port_a_input_registers>
		<port_a_output_registers>no</port_a_output_registers>
		<size>32768</size>
		<m4ks>8</m4ks>
		<mif>mem_onchip.hex</mif>
		<location>M4K_X26_Y13, M4K_X26_Y20, M4K_X26_Y14, M4K_X26_Y17, M4K_X26_Y22, M4K_X26_Y23, M4K_X52_Y17, M4K_X26_Y21</location>
	</row>
	<row>
		<name>NiosII:niosIItimer|cpu_0:the_cpu_0|cpu_0_nios2_oci:the_cpu_0_nios2_oci|cpu_0_nios2_ocimem:the_cpu_0_nios2_ocimem|cpu_0_ociram_lpm_dram_bdp_component_module:cpu_0_ociram_lpm_dram_bdp_component|altsyncram:the_altsyncram|altsyncram_s202:auto_generated|ALTSYNCRAM</name>
		<type>AUTO</type>
		<mode>True Dual Port</mode>
		<port_a_depth>256</port_a_depth>
		<port_a_width>32</port_a_width>
		<port_b_depth>256</port_b_depth>
		<port_b_width>32</port_b_width>
		<port_a_input_registers>yes</port_a_input_registers>
		<port_a_output_registers>no</port_a_output_registers>
		<port_b_input_registers>yes</port_b_input_registers>
		<port_b_output_registers>no</port_b_output_registers>
		<size>8192</size>
		<m4ks>2</m4ks>
		<mif>cpu_0_ociram_default_contents.mif</mif>
		<location>M4K_X26_Y15, M4K_X26_Y16</location>
	</row>
</ram_summary>
<interconnect_usage_summary>
	<rsc name="Local interconnects" util="2" max=" 33216 " type="int">738 </rsc>
	<rsc name="Block interconnects" util="3" max=" 94460 " type="int">2659 </rsc>
	<rsc name="R4 interconnects" util="3" max=" 81294 " type="int">2221 </rsc>
	<rsc name="R24 interconnects" util="3" max=" 3091 " type="int">78 </rsc>
	<rsc name="C4 interconnects" util="3" max=" 60840 " type="int">1719 </rsc>
	<rsc name="C16 interconnects" util="2" max=" 3315 " type="int">59 </rsc>
	<rsc name="Global clocks" util="81" max=" 16 " type="int">13 </rsc>
	<rsc name="Direct links" util="1" max=" 94460 " type="int">216 </rsc>
</interconnect_usage_summary>
<mep_data>
	<command_line>quartus_fit --read_settings_files=off --write_settings_files=off TimerTest -c TimerTest</command_line>
</mep_data>
<software_data>
	<smart_recompile>off</smart_recompile>
</software_data>
<fitter_settings>
	<row>
		<option>Device</option>
		<setting>EP2C35F672C6</setting>
	</row>
	<row>
		<option>SignalProbe signals routed during normal compilation</option>
		<setting>Off</setting>
		<default_value>Off</default_value>
	</row>
	<row>
		<option>Use smart compilation</option>
		<setting>Off</setting>
		<default_value>Off</default_value>
	</row>
	<row>
		<option>Router Timing Optimization Level</option>
		<setting>Normal</setting>
		<default_value>Normal</default_value>
	</row>
	<row>
		<option>Placement Effort Multiplier</option>
		<setting>1.0</setting>
		<default_value>1.0</default_value>
	</row>
	<row>
		<option>Router Effort Multiplier</option>
		<setting>1.0</setting>
		<default_value>1.0</default_value>
	</row>
	<row>
		<option>Optimize Hold Timing</option>
		<setting>IO Paths and Minimum TPD Paths</setting>
		<default_value>IO Paths and Minimum TPD Paths</default_value>
	</row>
	<row>
		<option>Optimize Fast-Corner Timing</option>
		<setting>Off</setting>
		<default_value>Off</default_value>
	</row>
	<row>
		<option>PowerPlay Power Optimization</option>
		<setting>Normal compilation</setting>
		<default_value>Normal compilation</default_value>
	</row>
	<row>
		<option>Optimize Timing</option>
		<setting>Normal compilation</setting>
		<default_value>Normal compilation</default_value>
	</row>
	<row>
		<option>Optimize IOC Register Placement for Timing</option>
		<setting>On</setting>
		<default_value>On</default_value>
	</row>
	<row>
		<option>Limit to One Fitting Attempt</option>
		<setting>Off</setting>
		<default_value>Off</default_value>
	</row>
	<row>
		<option>Final Placement Optimizations</option>
		<setting>Automatically</setting>
		<default_value>Automatically</default_value>
	</row>
	<row>
		<option>Fitter Aggressive Routability Optimizations</option>
		<setting>Automatically</setting>
		<default_value>Automatically</default_value>
	</row>
	<row>
		<option>Fitter Initial Placement Seed</option>
		<setting>1</setting>
		<default_value>1</default_value>
	</row>
	<row>
		<option>PCI I/O</option>
		<setting>Off</setting>
		<default_value>Off</default_value>
	</row>
	<row>
		<option>Weak Pull-Up Resistor</option>
		<setting>Off</setting>
		<default_value>Off</default_value>
	</row>
	<row>
		<option>Enable Bus-Hold Circuitry</option>
		<setting>Off</setting>
		<default_value>Off</default_value>
	</row>
	<row>
		<option>Auto Global Memory Control Signals</option>
		<setting>Off</setting>
		<default_value>Off</default_value>
	</row>
	<row>
		<option>Auto Packed Registers -- Stratix II/Cyclone II</option>
		<setting>Auto</setting>
		<default_value>Auto</default_value>
	</row>
	<row>
		<option>Auto Delay Chains</option>
		<setting>On</setting>
		<default_value>On</default_value>
	</row>
	<row>
		<option>Auto Merge PLLs</option>
		<setting>On</setting>
		<default_value>On</default_value>
	</row>
	<row>
		<option>Fitter Effort</option>
		<setting>Auto Fit</setting>
		<default_value>Auto Fit</default_value>
	</row>
	<row>
		<option>Physical Synthesis Effort Level</option>
		<setting>Normal</setting>
		<default_value>Normal</default_value>
	</row>
	<row>
		<option>Auto Global Clock</option>
		<setting>On</setting>
		<default_value>On</default_value>
	</row>
	<row>
		<option>Auto Global Register Control Signals</option>
		<setting>On</setting>
		<default_value>On</default_value>
	</row>
</fitter_settings>
<fitter_device_options>
	<row>
		<option>Enable user-supplied start-up clock (CLKUSR)</option>
		<setting>Off</setting>
	</row>
	<row>
		<option>Enable device-wide reset (DEV_CLRn)</option>
		<setting>Off</setting>
	</row>
	<row>
		<option>Enable device-wide output enable (DEV_OE)</option>
		<setting>Off</setting>
	</row>
	<row>
		<option>Enable INIT_DONE output</option>
		<setting>Off</setting>
	</row>
	<row>
		<option>Configuration scheme</option>
		<setting>Active Serial</setting>
	</row>
	<row>
		<option>Error detection CRC</option>
		<setting>Off</setting>
	</row>
	<row>
		<option>Reserve nCEO pin after configuration</option>
		<setting>As output driving ground</setting>
	</row>
	<row>
		<option>Reserve all unused pins</option>
		<setting>As output driving ground</setting>
	</row>
	<row>
		<option>Base pin-out file on sameframe device</option>
		<setting>Off</setting>
	</row>
</fitter_device_options>
<input_pins>
	<row>
		<name>CLOCK_50</name>
		<pin__>N2</pin__>
		<i_o_bank>2</i_o_bank>
		<x_coordinate>0</x_coordinate>
		<y_coordinate>18</y_coordinate>
		<cell_number>0</cell_number>
		<combinational_fan_out>1</combinational_fan_out>
		<registered_fan_out>0</registered_fan_out>
		<global>no</global>
		<input_register>no</input_register>
		<power_up_high>no</power_up_high>
		<pci_i_o_enabled>no</pci_i_o_enabled>
		<bus_hold>no</bus_hold>
		<weak_pull_up>Off</weak_pull_up>
		<i_o_standard>LVTTL</i_o_standard>
		<termination>Off</termination>
		<location_assigned_by>User</location_assigned_by>
	</row>
	<row>
		<name>KEY[0]</name>
		<pin__>G26</pin__>
		<i_o_bank>5</i_o_bank>
		<x_coordinate>65</x_coordinate>
		<y_coordinate>27</y_coordinate>
		<cell_number>1</cell_number>
		<combinational_fan_out>1</combinational_fan_out>
		<registered_fan_out>0</registered_fan_out>
		<global>no</global>
		<input_register>no</input_register>
		<power_up_high>no</power_up_high>
		<pci_i_o_enabled>no</pci_i_o_enabled>
		<bus_hold>no</bus_hold>
		<weak_pull_up>Off</weak_pull_up>
		<i_o_standard>LVTTL</i_o_standard>
		<termination>Off</termination>
		<location_assigned_by>User</location_assigned_by>
	</row>
	<row>
		<name>SW[0]</name>
		<pin__>N25</pin__>
		<i_o_bank>5</i_o_bank>
		<x_coordinate>65</x_coordinate>
		<y_coordinate>19</y_coordinate>
		<cell_number>0</cell_number>
		<combinational_fan_out>8</combinational_fan_out>
		<registered_fan_out>0</registered_fan_out>
		<global>no</global>
		<input_register>no</input_register>
		<power_up_high>no</power_up_high>
		<pci_i_o_enabled>no</pci_i_o_enabled>
		<bus_hold>no</bus_hold>
		<weak_pull_up>Off</weak_pull_up>
		<i_o_standard>LVTTL</i_o_standard>
		<termination>Off</termination>
		<location_assigned_by>User</location_assigned_by>
	</row>
	<row>
		<name>SW[1]</name>
		<pin__>N26</pin__>
		<i_o_bank>5</i_o_bank>
		<x_coordinate>65</x_coordinate>
		<y_coordinate>19</y_coordinate>
		<cell_number>1</cell_number>
		<combinational_fan_out>8</combinational_fan_out>
		<registered_fan_out>0</registered_fan_out>
		<global>no</global>
		<input_register>no</input_register>
		<power_up_high>no</power_up_high>
		<pci_i_o_enabled>no</pci_i_o_enabled>
		<bus_hold>no</bus_hold>
		<weak_pull_up>Off</weak_pull_up>
		<i_o_standard>LVTTL</i_o_standard>
		<termination>Off</termination>
		<location_assigned_by>User</location_assigned_by>
	</row>
	<row>
		<name>SW[2]</name>
		<pin__>P25</pin__>
		<i_o_bank>6</i_o_bank>
		<x_coordinate>65</x_coordinate>
		<y_coordinate>19</y_coordinate>
		<cell_number>2</cell_number>
		<combinational_fan_out>8</combinational_fan_out>
		<registered_fan_out>0</registered_fan_out>
		<global>no</global>
		<input_register>no</input_register>
		<power_up_high>no</power_up_high>
		<pci_i_o_enabled>no</pci_i_o_enabled>
		<bus_hold>no</bus_hold>
		<weak_pull_up>Off</weak_pull_up>
		<i_o_standard>LVTTL</i_o_standard>
		<termination>Off</termination>
		<location_assigned_by>User</location_assigned_by>
	</row>
	<row>
		<name>SW[3]</name>
		<pin__>AE14</pin__>
		<i_o_bank>7</i_o_bank>
		<x_coordinate>33</x_coordinate>
		<y_coordinate>0</y_coordinate>
		<cell_number>0</cell_number>
		<combinational_fan_out>8</combinational_fan_out>
		<registered_fan_out>0</registered_fan_out>
		<global>no</global>
		<input_register>no</input_register>
		<power_up_high>no</power_up_high>
		<pci_i_o_enabled>no</pci_i_o_enabled>
		<bus_hold>no</bus_hold>
		<weak_pull_up>Off</weak_pull_up>
		<i_o_standard>LVTTL</i_o_standard>
		<termination>Off</termination>
		<location_assigned_by>User</location_assigned_by>
	</row>
	<row>
		<name>SW[4]</name>
		<pin__>AF14</pin__>
		<i_o_bank>7</i_o_bank>
		<x_coordinate>33</x_coordinate>
		<y_coordinate>0</y_coordinate>
		<cell_number>1</cell_number>
		<combinational_fan_out>8</combinational_fan_out>
		<registered_fan_out>0</registered_fan_out>
		<global>no</global>
		<input_register>no</input_register>
		<power_up_high>no</power_up_high>
		<pci_i_o_enabled>no</pci_i_o_enabled>
		<bus_hold>no</bus_hold>
		<weak_pull_up>Off</weak_pull_up>
		<i_o_standard>LVTTL</i_o_standard>
		<termination>Off</termination>
		<location_assigned_by>User</location_assigned_by>
	</row>
	<row>
		<name>SW[5]</name>
		<pin__>AD13</pin__>
		<i_o_bank>8</i_o_bank>
		<x_coordinate>33</x_coordinate>
		<y_coordinate>0</y_coordinate>
		<cell_number>2</cell_number>
		<combinational_fan_out>8</combinational_fan_out>
		<registered_fan_out>0</registered_fan_out>
		<global>no</global>
		<input_register>no</input_register>
		<power_up_high>no</power_up_high>
		<pci_i_o_enabled>no</pci_i_o_enabled>
		<bus_hold>no</bus_hold>
		<weak_pull_up>Off</weak_pull_up>
		<i_o_standard>LVTTL</i_o_standard>
		<termination>Off</termination>
		<location_assigned_by>User</location_assigned_by>
	</row>
	<row>
		<name>SW[6]</name>
		<pin__>AC13</pin__>
		<i_o_bank>8</i_o_bank>
		<x_coordinate>33</x_coordinate>
		<y_coordinate>0</y_coordinate>
		<cell_number>3</cell_number>
		<combinational_fan_out>8</combinational_fan_out>
		<registered_fan_out>0</registered_fan_out>
		<global>no</global>
		<input_register>no</input_register>
		<power_up_high>no</power_up_high>
		<pci_i_o_enabled>no</pci_i_o_enabled>
		<bus_hold>no</bus_hold>
		<weak_pull_up>Off</weak_pull_up>
		<i_o_standard>LVTTL</i_o_standard>
		<termination>Off</termination>
		<location_assigned_by>User</location_assigned_by>
	</row>
	<row>
		<name>SW[7]</name>
		<pin__>C13</pin__>
		<i_o_bank>3</i_o_bank>
		<x_coordinate>31</x_coordinate>
		<y_coordinate>36</y_coordinate>
		<cell_number>2</cell_number>
		<combinational_fan_out>8</combinational_fan_out>
		<registered_fan_out>0</registered_fan_out>
		<global>no</global>
		<input_register>no</input_register>
		<power_up_high>no</power_up_high>
		<pci_i_o_enabled>no</pci_i_o_enabled>
		<bus_hold>no</bus_hold>
		<weak_pull_up>Off</weak_pull_up>
		<i_o_standard>LVTTL</i_o_standard>
		<termination>Off</termination>
		<location_assigned_by>User</location_assigned_by>
	</row>
</input_pins>
<output_pins>
	<row>
		<name>GPIO_0[0]</name>
		<pin__>D25</pin__>
		<i_o_bank>5</i_o_bank>
		<x_coordinate>65</x_coordinate>
		<y_coordinate>31</y_coordinate>
		<cell_number>1</cell_number>
		<output_register>no</output_register>
		<output_enable_register>no</output_enable_register>
		<power_up_high>no</power_up_high>
		<pci_i_o_enabled>no</pci_i_o_enabled>
		<open_drain>no</open_drain>
		<tri_primitive>no</tri_primitive>
		<bus_hold>no</bus_hold>
		<weak_pull_up>Off</weak_pull_up>
		<i_o_standard>LVTTL</i_o_standard>
		<current_strength>24mA</current_strength>
		<termination>Off</termination>
		<location_assigned_by>User</location_assigned_by>
		<load units="pF">0</load>
	</row>
	<row>
		<name>GPIO_0[10]</name>
		<pin__>N18</pin__>
		<i_o_bank>5</i_o_bank>
		<x_coordinate>65</x_coordinate>
		<y_coordinate>29</y_coordinate>
		<cell_number>2</cell_number>
		<output_register>no</output_register>
		<output_enable_register>no</output_enable_register>
		<power_up_high>no</power_up_high>
		<pci_i_o_enabled>no</pci_i_o_enabled>
		<open_drain>no</open_drain>
		<tri_primitive>no</tri_primitive>
		<bus_hold>no</bus_hold>
		<weak_pull_up>Off</weak_pull_up>
		<i_o_standard>LVTTL</i_o_standard>
		<current_strength>24mA</current_strength>
		<termination>Off</termination>
		<location_assigned_by>User</location_assigned_by>
		<load units="pF">0</load>
	</row>
	<row>
		<name>GPIO_0[11]</name>
		<pin__>P18</pin__>
		<i_o_bank>5</i_o_bank>
		<x_coordinate>65</x_coordinate>
		<y_coordinate>29</y_coordinate>
		<cell_number>3</cell_number>
		<output_register>no</output_register>
		<output_enable_register>no</output_enable_register>
		<power_up_high>no</power_up_high>
		<pci_i_o_enabled>no</pci_i_o_enabled>
		<open_drain>no</open_drain>
		<tri_primitive>no</tri_primitive>
		<bus_hold>no</bus_hold>
		<weak_pull_up>Off</weak_pull_up>
		<i_o_standard>LVTTL</i_o_standard>
		<current_strength>24mA</current_strength>
		<termination>Off</termination>
		<location_assigned_by>User</location_assigned_by>
		<load units="pF">0</load>
	</row>
	<row>
		<name>GPIO_0[12]</name>
		<pin__>G23</pin__>
		<i_o_bank>5</i_o_bank>
		<x_coordinate>65</x_coordinate>
		<y_coordinate>28</y_coordinate>
		<cell_number>0</cell_number>
		<output_register>no</output_register>
		<output_enable_register>no</output_enable_register>
		<power_up_high>no</power_up_high>
		<pci_i_o_enabled>no</pci_i_o_enabled>
		<open_drain>no</open_drain>
		<tri_primitive>no</tri_primitive>
		<bus_hold>no</bus_hold>
		<weak_pull_up>Off</weak_pull_up>
		<i_o_standard>LVTTL</i_o_standard>
		<current_strength>24mA</current_strength>
		<termination>Off</termination>
		<location_assigned_by>User</location_assigned_by>
		<load units="pF">0</load>
	</row>
	<row>
		<name>GPIO_0[13]</name>
		<pin__>G24</pin__>
		<i_o_bank>5</i_o_bank>
		<x_coordinate>65</x_coordinate>
		<y_coordinate>28</y_coordinate>
		<cell_number>1</cell_number>
		<output_register>no</output_register>
		<output_enable_register>no</output_enable_register>
		<power_up_high>no</power_up_high>
		<pci_i_o_enabled>no</pci_i_o_enabled>
		<open_drain>no</open_drain>
		<tri_primitive>no</tri_primitive>
		<bus_hold>no</bus_hold>
		<weak_pull_up>Off</weak_pull_up>
		<i_o_standard>LVTTL</i_o_standard>
		<current_strength>24mA</current_strength>
		<termination>Off</termination>
		<location_assigned_by>User</location_assigned_by>
		<load units="pF">0</load>
	</row>
	<row>
		<name>GPIO_0[14]</name>
		<pin__>K22</pin__>
		<i_o_bank>5</i_o_bank>
		<x_coordinate>65</x_coordinate>
		<y_coordinate>28</y_coordinate>
		<cell_number>2</cell_number>
		<output_register>no</output_register>
		<output_enable_register>no</output_enable_register>
		<power_up_high>no</power_up_high>
		<pci_i_o_enabled>no</pci_i_o_enabled>
		<open_drain>no</open_drain>
		<tri_primitive>no</tri_primitive>
		<bus_hold>no</bus_hold>
		<weak_pull_up>Off</weak_pull_up>
		<i_o_standard>LVTTL</i_o_standard>
		<current_strength>24mA</current_strength>
		<termination>Off</termination>
		<location_assigned_by>User</location_assigned_by>
		<load units="pF">0</load>
	</row>
	<row>
		<name>GPIO_0[15]</name>
		<pin__>G25</pin__>
		<i_o_bank>5</i_o_bank>
		<x_coordinate>65</x_coordinate>
		<y_coordinate>27</y_coordinate>
		<cell_number>0</cell_number>
		<output_register>no</output_register>
		<output_enable_register>no</output_enable_register>
		<power_up_high>no</power_up_high>
		<pci_i_o_enabled>no</pci_i_o_enabled>
		<open_drain>no</open_drain>
		<tri_primitive>no</tri_primitive>
		<bus_hold>no</bus_hold>
		<weak_pull_up>Off</weak_pull_up>
		<i_o_standard>LVTTL</i_o_standard>
		<current_strength>24mA</current_strength>
		<termination>Off</termination>
		<location_assigned_by>User</location_assigned_by>
		<load units="pF">0</load>
	</row>
	<row>
		<name>GPIO_0[16]</name>
		<pin__>H23</pin__>
		<i_o_bank>5</i_o_bank>
		<x_coordinate>65</x_coordinate>
		<y_coordinate>27</y_coordinate>
		<cell_number>2</cell_number>
		<output_register>no</output_register>
		<output_enable_register>no</output_enable_register>
		<power_up_high>no</power_up_high>
		<pci_i_o_enabled>no</pci_i_o_enabled>
		<open_drain>no</open_drain>
		<tri_primitive>no</tri_primitive>
		<bus_hold>no</bus_hold>
		<weak_pull_up>Off</weak_pull_up>
		<i_o_standard>LVTTL</i_o_standard>
		<current_strength>24mA</current_strength>
		<termination>Off</termination>
		<location_assigned_by>User</location_assigned_by>
		<load units="pF">0</load>
	</row>
	<row>
		<name>GPIO_0[17]</name>
		<pin__>H24</pin__>
		<i_o_bank>5</i_o_bank>
		<x_coordinate>65</x_coordinate>
		<y_coordinate>27</y_coordinate>
		<cell_number>3</cell_number>
		<output_register>no</output_register>
		<output_enable_register>no</output_enable_register>
		<power_up_high>no</power_up_high>
		<pci_i_o_enabled>no</pci_i_o_enabled>
		<open_drain>no</open_drain>
		<tri_primitive>no</tri_primitive>
		<bus_hold>no</bus_hold>
		<weak_pull_up>Off</weak_pull_up>
		<i_o_standard>LVTTL</i_o_standard>
		<current_strength>24mA</current_strength>
		<termination>Off</termination>
		<location_assigned_by>User</location_assigned_by>
		<load units="pF">0</load>
	</row>
	<row>
		<name>GPIO_0[18]</name>
		<pin__>J23</pin__>
		<i_o_bank>5</i_o_bank>
		<x_coordinate>65</x_coordinate>
		<y_coordinate>26</y_coordinate>
		<cell_number>0</cell_number>
		<output_register>no</output_register>
		<output_enable_register>no</output_enable_register>
		<power_up_high>no</power_up_high>
		<pci_i_o_enabled>no</pci_i_o_enabled>
		<open_drain>no</open_drain>
		<tri_primitive>no</tri_primitive>
		<bus_hold>no</bus_hold>
		<weak_pull_up>Off</weak_pull_up>
		<i_o_standard>LVTTL</i_o_standard>
		<current_strength>24mA</current_strength>
		<termination>Off</termination>
		<location_assigned_by>User</location_assigned_by>
		<load units="pF">0</load>
	</row>
	<row>
		<name>GPIO_0[19]</name>
		<pin__>J24</pin__>
		<i_o_bank>5</i_o_bank>
		<x_coordinate>65</x_coordinate>
		<y_coordinate>26</y_coordinate>
		<cell_number>1</cell_number>
		<output_register>no</output_register>
		<output_enable_register>no</output_enable_register>
		<power_up_high>no</power_up_high>
		<pci_i_o_enabled>no</pci_i_o_enabled>
		<open_drain>no</open_drain>
		<tri_primitive>no</tri_primitive>
		<bus_hold>no</bus_hold>
		<weak_pull_up>Off</weak_pull_up>
		<i_o_standard>LVTTL</i_o_standard>
		<current_strength>24mA</current_strength>
		<termination>Off</termination>
		<location_assigned_by>User</location_assigned_by>
		<load units="pF">0</load>
	</row>
	<row>
		<name>GPIO_0[1]</name>
		<pin__>J22</pin__>
		<i_o_bank>5</i_o_bank>
		<x_coordinate>65</x_coordinate>
		<y_coordinate>31</y_coordinate>
		<cell_number>2</cell_number>
		<output_register>no</output_register>
		<output_enable_register>no</output_enable_register>
		<power_up_high>no</power_up_high>
		<pci_i_o_enabled>no</pci_i_o_enabled>
		<open_drain>no</open_drain>
		<tri_primitive>no</tri_primitive>
		<bus_hold>no</bus_hold>
		<weak_pull_up>Off</weak_pull_up>
		<i_o_standard>LVTTL</i_o_standard>
		<current_strength>24mA</current_strength>
		<termination>Off</termination>
		<location_assigned_by>User</location_assigned_by>
		<load units="pF">0</load>
	</row>
	<row>
		<name>GPIO_0[20]</name>
		<pin__>H25</pin__>
		<i_o_bank>5</i_o_bank>
		<x_coordinate>65</x_coordinate>
		<y_coordinate>26</y_coordinate>
		<cell_number>2</cell_number>
		<output_register>no</output_register>
		<output_enable_register>no</output_enable_register>
		<power_up_high>no</power_up_high>
		<pci_i_o_enabled>no</pci_i_o_enabled>
		<open_drain>no</open_drain>
		<tri_primitive>no</tri_primitive>
		<bus_hold>no</bus_hold>
		<weak_pull_up>Off</weak_pull_up>
		<i_o_standard>LVTTL</i_o_standard>
		<current_strength>24mA</current_strength>
		<termination>Off</termination>
		<location_assigned_by>User</location_assigned_by>
		<load units="pF">0</load>
	</row>
	<row>
		<name>GPIO_0[21]</name>
		<pin__>H26</pin__>
		<i_o_bank>5</i_o_bank>
		<x_coordinate>65</x_coordinate>
		<y_coordinate>26</y_coordinate>
		<cell_number>3</cell_number>
		<output_register>no</output_register>
		<output_enable_register>no</output_enable_register>
		<power_up_high>no</power_up_high>
		<pci_i_o_enabled>no</pci_i_o_enabled>
		<open_drain>no</open_drain>
		<tri_primitive>no</tri_primitive>
		<bus_hold>no</bus_hold>
		<weak_pull_up>Off</weak_pull_up>
		<i_o_standard>LVTTL</i_o_standard>
		<current_strength>24mA</current_strength>
		<termination>Off</termination>
		<location_assigned_by>User</location_assigned_by>
		<load units="pF">0</load>
	</row>
	<row>
		<name>GPIO_0[22]</name>
		<pin__>H19</pin__>
		<i_o_bank>5</i_o_bank>
		<x_coordinate>65</x_coordinate>
		<y_coordinate>26</y_coordinate>
		<cell_number>4</cell_number>
		<output_register>no</output_register>
		<output_enable_register>no</output_enable_register>
		<power_up_high>no</power_up_high>
		<pci_i_o_enabled>no</pci_i_o_enabled>
		<open_drain>no</open_drain>
		<tri_primitive>no</tri_primitive>
		<bus_hold>no</bus_hold>
		<weak_pull_up>Off</weak_pull_up>
		<i_o_standard>LVTTL</i_o_standard>
		<current_strength>24mA</current_strength>
		<termination>Off</termination>
		<location_assigned_by>User</location_assigned_by>
		<load units="pF">0</load>
	</row>
	<row>
		<name>GPIO_0[23]</name>
		<pin__>K18</pin__>
		<i_o_bank>5</i_o_bank>
		<x_coordinate>65</x_coordinate>
		<y_coordinate>25</y_coordinate>
		<cell_number>0</cell_number>
		<output_register>no</output_register>
		<output_enable_register>no</output_enable_register>
		<power_up_high>no</power_up_high>
		<pci_i_o_enabled>no</pci_i_o_enabled>
		<open_drain>no</open_drain>
		<tri_primitive>no</tri_primitive>
		<bus_hold>no</bus_hold>
		<weak_pull_up>Off</weak_pull_up>
		<i_o_standard>LVTTL</i_o_standard>
		<current_strength>24mA</current_strength>
		<termination>Off</termination>
		<location_assigned_by>User</location_assigned_by>
		<load units="pF">0</load>
	</row>
	<row>
		<name>GPIO_0[24]</name>
		<pin__>K19</pin__>
		<i_o_bank>5</i_o_bank>
		<x_coordinate>65</x_coordinate>
		<y_coordinate>25</y_coordinate>
		<cell_number>1</cell_number>
		<output_register>no</output_register>
		<output_enable_register>no</output_enable_register>
		<power_up_high>no</power_up_high>
		<pci_i_o_enabled>no</pci_i_o_enabled>
		<open_drain>no</open_drain>
		<tri_primitive>no</tri_primitive>
		<bus_hold>no</bus_hold>
		<weak_pull_up>Off</weak_pull_up>
		<i_o_standard>LVTTL</i_o_standard>
		<current_strength>24mA</current_strength>
		<termination>Off</termination>
		<location_assigned_by>User</location_assigned_by>
		<load units="pF">0</load>
	</row>
	<row>
		<name>GPIO_0[25]</name>
		<pin__>K21</pin__>
		<i_o_bank>5</i_o_bank>
		<x_coordinate>65</x_coordinate>
		<y_coordinate>25</y_coordinate>
		<cell_number>2</cell_number>
		<output_register>no</output_register>
		<output_enable_register>no</output_enable_register>
		<power_up_high>no</power_up_high>
		<pci_i_o_enabled>no</pci_i_o_enabled>
		<open_drain>no</open_drain>
		<tri_primitive>no</tri_primitive>
		<bus_hold>no</bus_hold>
		<weak_pull_up>Off</weak_pull_up>
		<i_o_standard>LVTTL</i_o_standard>
		<current_strength>24mA</current_strength>
		<termination>Off</termination>
		<location_assigned_by>User</location_assigned_by>
		<load units="pF">0</load>
	</row>
	<row>
		<name>GPIO_0[26]</name>
		<pin__>K23</pin__>
		<i_o_bank>5</i_o_bank>
		<x_coordinate>65</x_coordinate>
		<y_coordinate>25</y_coordinate>
		<cell_number>3</cell_number>
		<output_register>no</output_register>
		<output_enable_register>no</output_enable_register>
		<power_up_high>no</power_up_high>
		<pci_i_o_enabled>no</pci_i_o_enabled>
		<open_drain>no</open_drain>
		<tri_primitive>no</tri_primitive>
		<bus_hold>no</bus_hold>
		<weak_pull_up>Off</weak_pull_up>
		<i_o_standard>LVTTL</i_o_standard>
		<current_strength>24mA</current_strength>
		<termination>Off</termination>
		<location_assigned_by>User</location_assigned_by>
		<load units="pF">0</load>
	</row>
	<row>
		<name>GPIO_0[27]</name>
		<pin__>K24</pin__>
		<i_o_bank>5</i_o_bank>
		<x_coordinate>65</x_coordinate>
		<y_coordinate>25</y_coordinate>
		<cell_number>4</cell_number>
		<output_register>no</output_register>
		<output_enable_register>no</output_enable_register>
		<power_up_high>no</power_up_high>
		<pci_i_o_enabled>no</pci_i_o_enabled>
		<open_drain>no</open_drain>
		<tri_primitive>no</tri_primitive>
		<bus_hold>no</bus_hold>
		<weak_pull_up>Off</weak_pull_up>
		<i_o_standard>LVTTL</i_o_standard>
		<current_strength>24mA</current_strength>
		<termination>Off</termination>
		<location_assigned_by>User</location_assigned_by>
		<load units="pF">0</load>
	</row>
	<row>
		<name>GPIO_0[28]</name>
		<pin__>L21</pin__>
		<i_o_bank>5</i_o_bank>
		<x_coordinate>65</x_coordinate>
		<y_coordinate>24</y_coordinate>
		<cell_number>0</cell_number>
		<output_register>no</output_register>
		<output_enable_register>no</output_enable_register>
		<power_up_high>no</power_up_high>
		<pci_i_o_enabled>no</pci_i_o_enabled>
		<open_drain>no</open_drain>
		<tri_primitive>no</tri_primitive>
		<bus_hold>no</bus_hold>
		<weak_pull_up>Off</weak_pull_up>
		<i_o_standard>LVTTL</i_o_standard>
		<current_strength>24mA</current_strength>
		<termination>Off</termination>
		<location_assigned_by>User</location_assigned_by>
		<load units="pF">0</load>
	</row>
	<row>
		<name>GPIO_0[29]</name>
		<pin__>L20</pin__>
		<i_o_bank>5</i_o_bank>
		<x_coordinate>65</x_coordinate>
		<y_coordinate>24</y_coordinate>
		<cell_number>1</cell_number>
		<output_register>no</output_register>
		<output_enable_register>no</output_enable_register>
		<power_up_high>no</power_up_high>
		<pci_i_o_enabled>no</pci_i_o_enabled>
		<open_drain>no</open_drain>
		<tri_primitive>no</tri_primitive>
		<bus_hold>no</bus_hold>
		<weak_pull_up>Off</weak_pull_up>
		<i_o_standard>LVTTL</i_o_standard>
		<current_strength>24mA</current_strength>
		<termination>Off</termination>
		<location_assigned_by>User</location_assigned_by>
		<load units="pF">0</load>
	</row>
	<row>
		<name>GPIO_0[2]</name>
		<pin__>E26</pin__>
		<i_o_bank>5</i_o_bank>
		<x_coordinate>65</x_coordinate>
		<y_coordinate>31</y_coordinate>
		<cell_number>3</cell_number>
		<output_register>no</output_register>
		<output_enable_register>no</output_enable_register>
		<power_up_high>no</power_up_high>
		<pci_i_o_enabled>no</pci_i_o_enabled>
		<open_drain>no</open_drain>
		<tri_primitive>no</tri_primitive>
		<bus_hold>no</bus_hold>
		<weak_pull_up>Off</weak_pull_up>
		<i_o_standard>LVTTL</i_o_standard>
		<current_strength>24mA</current_strength>
		<termination>Off</termination>
		<location_assigned_by>User</location_assigned_by>
		<load units="pF">0</load>
	</row>
	<row>
		<name>GPIO_0[30]</name>
		<pin__>J25</pin__>
		<i_o_bank>5</i_o_bank>
		<x_coordinate>65</x_coordinate>
		<y_coordinate>24</y_coordinate>
		<cell_number>2</cell_number>
		<output_register>no</output_register>
		<output_enable_register>no</output_enable_register>
		<power_up_high>no</power_up_high>
		<pci_i_o_enabled>no</pci_i_o_enabled>
		<open_drain>no</open_drain>
		<tri_primitive>no</tri_primitive>
		<bus_hold>no</bus_hold>
		<weak_pull_up>Off</weak_pull_up>
		<i_o_standard>LVTTL</i_o_standard>
		<current_strength>24mA</current_strength>
		<termination>Off</termination>
		<location_assigned_by>User</location_assigned_by>
		<load units="pF">0</load>
	</row>
	<row>
		<name>GPIO_0[31]</name>
		<pin__>J26</pin__>
		<i_o_bank>5</i_o_bank>
		<x_coordinate>65</x_coordinate>
		<y_coordinate>24</y_coordinate>
		<cell_number>3</cell_number>
		<output_register>no</output_register>
		<output_enable_register>no</output_enable_register>
		<power_up_high>no</power_up_high>
		<pci_i_o_enabled>no</pci_i_o_enabled>
		<open_drain>no</open_drain>
		<tri_primitive>no</tri_primitive>
		<bus_hold>no</bus_hold>
		<weak_pull_up>Off</weak_pull_up>
		<i_o_standard>LVTTL</i_o_standard>
		<current_strength>24mA</current_strength>
		<termination>Off</termination>
		<location_assigned_by>User</location_assigned_by>
		<load units="pF">0</load>
	</row>
	<row>
		<name>GPIO_0[32]</name>
		<pin__>L23</pin__>
		<i_o_bank>5</i_o_bank>
		<x_coordinate>65</x_coordinate>
		<y_coordinate>23</y_coordinate>
		<cell_number>0</cell_number>
		<output_register>no</output_register>
		<output_enable_register>no</output_enable_register>
		<power_up_high>no</power_up_high>
		<pci_i_o_enabled>no</pci_i_o_enabled>
		<open_drain>no</open_drain>
		<tri_primitive>no</tri_primitive>
		<bus_hold>no</bus_hold>
		<weak_pull_up>Off</weak_pull_up>
		<i_o_standard>LVTTL</i_o_standard>
		<current_strength>24mA</current_strength>
		<termination>Off</termination>
		<location_assigned_by>User</location_assigned_by>
		<load units="pF">0</load>
	</row>
	<row>
		<name>GPIO_0[33]</name>
		<pin__>L24</pin__>
		<i_o_bank>5</i_o_bank>
		<x_coordinate>65</x_coordinate>
		<y_coordinate>23</y_coordinate>
		<cell_number>1</cell_number>
		<output_register>no</output_register>
		<output_enable_register>no</output_enable_register>
		<power_up_high>no</power_up_high>
		<pci_i_o_enabled>no</pci_i_o_enabled>
		<open_drain>no</open_drain>
		<tri_primitive>no</tri_primitive>
		<bus_hold>no</bus_hold>
		<weak_pull_up>Off</weak_pull_up>
		<i_o_standard>LVTTL</i_o_standard>
		<current_strength>24mA</current_strength>
		<termination>Off</termination>
		<location_assigned_by>User</location_assigned_by>
		<load units="pF">0</load>
	</row>
	<row>
		<name>GPIO_0[34]</name>
		<pin__>L25</pin__>
		<i_o_bank>5</i_o_bank>
		<x_coordinate>65</x_coordinate>
		<y_coordinate>23</y_coordinate>
		<cell_number>2</cell_number>
		<output_register>no</output_register>
		<output_enable_register>no</output_enable_register>
		<power_up_high>no</power_up_high>
		<pci_i_o_enabled>no</pci_i_o_enabled>
		<open_drain>no</open_drain>
		<tri_primitive>no</tri_primitive>
		<bus_hold>no</bus_hold>
		<weak_pull_up>Off</weak_pull_up>
		<i_o_standard>LVTTL</i_o_standard>
		<current_strength>24mA</current_strength>
		<termination>Off</termination>
		<location_assigned_by>User</location_assigned_by>
		<load units="pF">0</load>
	</row>
	<row>
		<name>GPIO_0[35]</name>
		<pin__>L19</pin__>
		<i_o_bank>5</i_o_bank>
		<x_coordinate>65</x_coordinate>
		<y_coordinate>23</y_coordinate>
		<cell_number>3</cell_number>
		<output_register>no</output_register>
		<output_enable_register>no</output_enable_register>
		<power_up_high>no</power_up_high>
		<pci_i_o_enabled>no</pci_i_o_enabled>
		<open_drain>no</open_drain>
		<tri_primitive>no</tri_primitive>
		<bus_hold>no</bus_hold>
		<weak_pull_up>Off</weak_pull_up>
		<i_o_standard>LVTTL</i_o_standard>
		<current_strength>24mA</current_strength>
		<termination>Off</termination>
		<location_assigned_by>User</location_assigned_by>
		<load units="pF">0</load>
	</row>
	<row>
		<name>GPIO_0[3]</name>
		<pin__>E25</pin__>
		<i_o_bank>5</i_o_bank>
		<x_coordinate>65</x_coordinate>
		<y_coordinate>31</y_coordinate>
		<cell_number>4</cell_number>
		<output_register>no</output_register>
		<output_enable_register>no</output_enable_register>
		<power_up_high>no</power_up_high>
		<pci_i_o_enabled>no</pci_i_o_enabled>
		<open_drain>no</open_drain>
		<tri_primitive>no</tri_primitive>
		<bus_hold>no</bus_hold>
		<weak_pull_up>Off</weak_pull_up>
		<i_o_standard>LVTTL</i_o_standard>
		<current_strength>24mA</current_strength>
		<termination>Off</termination>
		<location_assigned_by>User</location_assigned_by>
		<load units="pF">0</load>
	</row>
	<row>
		<name>GPIO_0[4]</name>
		<pin__>F24</pin__>
		<i_o_bank>5</i_o_bank>
		<x_coordinate>65</x_coordinate>
		<y_coordinate>30</y_coordinate>
		<cell_number>0</cell_number>
		<output_register>no</output_register>
		<output_enable_register>no</output_enable_register>
		<power_up_high>no</power_up_high>
		<pci_i_o_enabled>no</pci_i_o_enabled>
		<open_drain>no</open_drain>
		<tri_primitive>no</tri_primitive>
		<bus_hold>no</bus_hold>
		<weak_pull_up>Off</weak_pull_up>
		<i_o_standard>LVTTL</i_o_standard>
		<current_strength>24mA</current_strength>
		<termination>Off</termination>
		<location_assigned_by>User</location_assigned_by>
		<load units="pF">0</load>
	</row>
	<row>
		<name>GPIO_0[5]</name>
		<pin__>F23</pin__>
		<i_o_bank>5</i_o_bank>
		<x_coordinate>65</x_coordinate>
		<y_coordinate>30</y_coordinate>
		<cell_number>1</cell_number>
		<output_register>no</output_register>
		<output_enable_register>no</output_enable_register>
		<power_up_high>no</power_up_high>
		<pci_i_o_enabled>no</pci_i_o_enabled>
		<open_drain>no</open_drain>
		<tri_primitive>no</tri_primitive>
		<bus_hold>no</bus_hold>
		<weak_pull_up>Off</weak_pull_up>
		<i_o_standard>LVTTL</i_o_standard>
		<current_strength>24mA</current_strength>
		<termination>Off</termination>
		<location_assigned_by>User</location_assigned_by>
		<load units="pF">0</load>
	</row>
	<row>
		<name>GPIO_0[6]</name>
		<pin__>J21</pin__>
		<i_o_bank>5</i_o_bank>
		<x_coordinate>65</x_coordinate>
		<y_coordinate>30</y_coordinate>
		<cell_number>2</cell_number>
		<output_register>no</output_register>
		<output_enable_register>no</output_enable_register>
		<power_up_high>no</power_up_high>
		<pci_i_o_enabled>no</pci_i_o_enabled>
		<open_drain>no</open_drain>
		<tri_primitive>no</tri_primitive>
		<bus_hold>no</bus_hold>
		<weak_pull_up>Off</weak_pull_up>
		<i_o_standard>LVTTL</i_o_standard>
		<current_strength>24mA</current_strength>
		<termination>Off</termination>
		<location_assigned_by>User</location_assigned_by>
		<load units="pF">0</load>
	</row>
	<row>
		<name>GPIO_0[7]</name>
		<pin__>J20</pin__>
		<i_o_bank>5</i_o_bank>
		<x_coordinate>65</x_coordinate>
		<y_coordinate>30</y_coordinate>
		<cell_number>3</cell_number>
		<output_register>no</output_register>
		<output_enable_register>no</output_enable_register>
		<power_up_high>no</power_up_high>
		<pci_i_o_enabled>no</pci_i_o_enabled>
		<open_drain>no</open_drain>
		<tri_primitive>no</tri_primitive>
		<bus_hold>no</bus_hold>
		<weak_pull_up>Off</weak_pull_up>
		<i_o_standard>LVTTL</i_o_standard>
		<current_strength>24mA</current_strength>
		<termination>Off</termination>
		<location_assigned_by>User</location_assigned_by>
		<load units="pF">0</load>
	</row>
	<row>
		<name>GPIO_0[8]</name>
		<pin__>F25</pin__>
		<i_o_bank>5</i_o_bank>
		<x_coordinate>65</x_coordinate>
		<y_coordinate>29</y_coordinate>
		<cell_number>0</cell_number>
		<output_register>no</output_register>
		<output_enable_register>no</output_enable_register>
		<power_up_high>no</power_up_high>
		<pci_i_o_enabled>no</pci_i_o_enabled>
		<open_drain>no</open_drain>
		<tri_primitive>no</tri_primitive>
		<bus_hold>no</bus_hold>
		<weak_pull_up>Off</weak_pull_up>
		<i_o_standard>LVTTL</i_o_standard>
		<current_strength>24mA</current_strength>
		<termination>Off</termination>
		<location_assigned_by>User</location_assigned_by>
		<load units="pF">0</load>
	</row>
	<row>
		<name>GPIO_0[9]</name>
		<pin__>F26</pin__>
		<i_o_bank>5</i_o_bank>
		<x_coordinate>65</x_coordinate>
		<y_coordinate>29</y_coordinate>
		<cell_number>1</cell_number>
		<output_register>no</output_register>
		<output_enable_register>no</output_enable_register>
		<power_up_high>no</power_up_high>
		<pci_i_o_enabled>no</pci_i_o_enabled>
		<open_drain>no</open_drain>
		<tri_primitive>no</tri_primitive>
		<bus_hold>no</bus_hold>
		<weak_pull_up>Off</weak_pull_up>
		<i_o_standard>LVTTL</i_o_standard>
		<current_strength>24mA</current_strength>
		<termination>Off</termination>
		<location_assigned_by>User</location_assigned_by>
		<load units="pF">0</load>
	</row>
	<row>
		<name>HEX4[0]</name>
		<pin__>U9</pin__>
		<i_o_bank>1</i_o_bank>
		<x_coordinate>0</x_coordinate>
		<y_coordinate>13</y_coordinate>
		<cell_number>2</cell_number>
		<output_register>no</output_register>
		<output_enable_register>no</output_enable_register>
		<power_up_high>no</power_up_high>
		<pci_i_o_enabled>no</pci_i_o_enabled>
		<open_drain>no</open_drain>
		<tri_primitive>no</tri_primitive>
		<bus_hold>no</bus_hold>
		<weak_pull_up>Off</weak_pull_up>
		<i_o_standard>LVTTL</i_o_standard>
		<current_strength>24mA</current_strength>
		<termination>Off</termination>
		<location_assigned_by>User</location_assigned_by>
		<load units="pF">0</load>
	</row>
	<row>
		<name>HEX4[1]</name>
		<pin__>U1</pin__>
		<i_o_bank>1</i_o_bank>
		<x_coordinate>0</x_coordinate>
		<y_coordinate>13</y_coordinate>
		<cell_number>1</cell_number>
		<output_register>no</output_register>
		<output_enable_register>no</output_enable_register>
		<power_up_high>no</power_up_high>
		<pci_i_o_enabled>no</pci_i_o_enabled>
		<open_drain>no</open_drain>
		<tri_primitive>no</tri_primitive>
		<bus_hold>no</bus_hold>
		<weak_pull_up>Off</weak_pull_up>
		<i_o_standard>LVTTL</i_o_standard>
		<current_strength>24mA</current_strength>
		<termination>Off</termination>
		<location_assigned_by>User</location_assigned_by>
		<load units="pF">0</load>
	</row>
	<row>
		<name>HEX4[2]</name>
		<pin__>U2</pin__>
		<i_o_bank>1</i_o_bank>
		<x_coordinate>0</x_coordinate>
		<y_coordinate>13</y_coordinate>
		<cell_number>0</cell_number>
		<output_register>no</output_register>
		<output_enable_register>no</output_enable_register>
		<power_up_high>no</power_up_high>
		<pci_i_o_enabled>no</pci_i_o_enabled>
		<open_drain>no</open_drain>
		<tri_primitive>no</tri_primitive>
		<bus_hold>no</bus_hold>
		<weak_pull_up>Off</weak_pull_up>
		<i_o_standard>LVTTL</i_o_standard>
		<current_strength>24mA</current_strength>
		<termination>Off</termination>
		<location_assigned_by>User</location_assigned_by>
		<load units="pF">0</load>
	</row>
	<row>
		<name>HEX4[3]</name>
		<pin__>T4</pin__>
		<i_o_bank>1</i_o_bank>
		<x_coordinate>0</x_coordinate>
		<y_coordinate>14</y_coordinate>
		<cell_number>2</cell_number>
		<output_register>no</output_register>
		<output_enable_register>no</output_enable_register>
		<power_up_high>no</power_up_high>
		<pci_i_o_enabled>no</pci_i_o_enabled>
		<open_drain>no</open_drain>
		<tri_primitive>no</tri_primitive>
		<bus_hold>no</bus_hold>
		<weak_pull_up>Off</weak_pull_up>
		<i_o_standard>LVTTL</i_o_standard>
		<current_strength>24mA</current_strength>
		<termination>Off</termination>
		<location_assigned_by>User</location_assigned_by>
		<load units="pF">0</load>
	</row>
	<row>
		<name>HEX4[4]</name>
		<pin__>R7</pin__>
		<i_o_bank>1</i_o_bank>
		<x_coordinate>0</x_coordinate>
		<y_coordinate>14</y_coordinate>
		<cell_number>1</cell_number>
		<output_register>no</output_register>
		<output_enable_register>no</output_enable_register>
		<power_up_high>no</power_up_high>
		<pci_i_o_enabled>no</pci_i_o_enabled>
		<open_drain>no</open_drain>
		<tri_primitive>no</tri_primitive>
		<bus_hold>no</bus_hold>
		<weak_pull_up>Off</weak_pull_up>
		<i_o_standard>LVTTL</i_o_standard>
		<current_strength>24mA</current_strength>
		<termination>Off</termination>
		<location_assigned_by>User</location_assigned_by>
		<load units="pF">0</load>
	</row>
	<row>
		<name>HEX4[5]</name>
		<pin__>R6</pin__>
		<i_o_bank>1</i_o_bank>
		<x_coordinate>0</x_coordinate>
		<y_coordinate>14</y_coordinate>
		<cell_number>0</cell_number>
		<output_register>no</output_register>
		<output_enable_register>no</output_enable_register>
		<power_up_high>no</power_up_high>
		<pci_i_o_enabled>no</pci_i_o_enabled>
		<open_drain>no</open_drain>
		<tri_primitive>no</tri_primitive>
		<bus_hold>no</bus_hold>
		<weak_pull_up>Off</weak_pull_up>
		<i_o_standard>LVTTL</i_o_standard>
		<current_strength>24mA</current_strength>
		<termination>Off</termination>
		<location_assigned_by>User</location_assigned_by>
		<load units="pF">0</load>
	</row>
	<row>
		<name>HEX4[6]</name>
		<pin__>T3</pin__>
		<i_o_bank>1</i_o_bank>
		<x_coordinate>0</x_coordinate>
		<y_coordinate>15</y_coordinate>
		<cell_number>3</cell_number>
		<output_register>no</output_register>
		<output_enable_register>no</output_enable_register>
		<power_up_high>no</power_up_high>
		<pci_i_o_enabled>no</pci_i_o_enabled>
		<open_drain>no</open_drain>
		<tri_primitive>no</tri_primitive>
		<bus_hold>no</bus_hold>
		<weak_pull_up>Off</weak_pull_up>
		<i_o_standard>LVTTL</i_o_standard>
		<current_strength>24mA</current_strength>
		<termination>Off</termination>
		<location_assigned_by>User</location_assigned_by>
		<load units="pF">0</load>
	</row>
	<row>
		<name>HEX5[0]</name>
		<pin__>T2</pin__>
		<i_o_bank>1</i_o_bank>
		<x_coordinate>0</x_coordinate>
		<y_coordinate>15</y_coordinate>
		<cell_number>2</cell_number>
		<output_register>no</output_register>
		<output_enable_register>no</output_enable_register>
		<power_up_high>no</power_up_high>
		<pci_i_o_enabled>no</pci_i_o_enabled>
		<open_drain>no</open_drain>
		<tri_primitive>no</tri_primitive>
		<bus_hold>no</bus_hold>
		<weak_pull_up>Off</weak_pull_up>
		<i_o_standard>LVTTL</i_o_standard>
		<current_strength>24mA</current_strength>
		<termination>Off</termination>
		<location_assigned_by>User</location_assigned_by>
		<load units="pF">0</load>
	</row>
	<row>
		<name>HEX5[1]</name>
		<pin__>P6</pin__>
		<i_o_bank>1</i_o_bank>
		<x_coordinate>0</x_coordinate>
		<y_coordinate>15</y_coordinate>
		<cell_number>1</cell_number>
		<output_register>no</output_register>
		<output_enable_register>no</output_enable_register>
		<power_up_high>no</power_up_high>
		<pci_i_o_enabled>no</pci_i_o_enabled>
		<open_drain>no</open_drain>
		<tri_primitive>no</tri_primitive>
		<bus_hold>no</bus_hold>
		<weak_pull_up>Off</weak_pull_up>
		<i_o_standard>LVTTL</i_o_standard>
		<current_strength>24mA</current_strength>
		<termination>Off</termination>
		<location_assigned_by>User</location_assigned_by>
		<load units="pF">0</load>
	</row>
	<row>
		<name>HEX5[2]</name>
		<pin__>P7</pin__>
		<i_o_bank>1</i_o_bank>
		<x_coordinate>0</x_coordinate>
		<y_coordinate>15</y_coordinate>
		<cell_number>0</cell_number>
		<output_register>no</output_register>
		<output_enable_register>no</output_enable_register>
		<power_up_high>no</power_up_high>
		<pci_i_o_enabled>no</pci_i_o_enabled>
		<open_drain>no</open_drain>
		<tri_primitive>no</tri_primitive>
		<bus_hold>no</bus_hold>
		<weak_pull_up>Off</weak_pull_up>
		<i_o_standard>LVTTL</i_o_standard>
		<current_strength>24mA</current_strength>
		<termination>Off</termination>
		<location_assigned_by>User</location_assigned_by>
		<load units="pF">0</load>
	</row>
	<row>
		<name>HEX5[3]</name>
		<pin__>T9</pin__>
		<i_o_bank>1</i_o_bank>
		<x_coordinate>0</x_coordinate>
		<y_coordinate>16</y_coordinate>
		<cell_number>3</cell_number>
		<output_register>no</output_register>
		<output_enable_register>no</output_enable_register>
		<power_up_high>no</power_up_high>
		<pci_i_o_enabled>no</pci_i_o_enabled>
		<open_drain>no</open_drain>
		<tri_primitive>no</tri_primitive>
		<bus_hold>no</bus_hold>
		<weak_pull_up>Off</weak_pull_up>
		<i_o_standard>LVTTL</i_o_standard>
		<current_strength>24mA</current_strength>
		<termination>Off</termination>
		<location_assigned_by>User</location_assigned_by>
		<load units="pF">0</load>
	</row>
	<row>
		<name>HEX5[4]</name>
		<pin__>R5</pin__>
		<i_o_bank>1</i_o_bank>
		<x_coordinate>0</x_coordinate>
		<y_coordinate>16</y_coordinate>
		<cell_number>1</cell_number>
		<output_register>no</output_register>
		<output_enable_register>no</output_enable_register>
		<power_up_high>no</power_up_high>
		<pci_i_o_enabled>no</pci_i_o_enabled>
		<open_drain>no</open_drain>
		<tri_primitive>no</tri_primitive>
		<bus_hold>no</bus_hold>
		<weak_pull_up>Off</weak_pull_up>
		<i_o_standard>LVTTL</i_o_standard>
		<current_strength>24mA</current_strength>
		<termination>Off</termination>
		<location_assigned_by>User</location_assigned_by>
		<load units="pF">0</load>
	</row>
	<row>
		<name>HEX5[5]</name>
		<pin__>R4</pin__>
		<i_o_bank>1</i_o_bank>
		<x_coordinate>0</x_coordinate>
		<y_coordinate>16</y_coordinate>
		<cell_number>0</cell_number>
		<output_register>no</output_register>
		<output_enable_register>no</output_enable_register>
		<power_up_high>no</power_up_high>
		<pci_i_o_enabled>no</pci_i_o_enabled>
		<open_drain>no</open_drain>
		<tri_primitive>no</tri_primitive>
		<bus_hold>no</bus_hold>
		<weak_pull_up>Off</weak_pull_up>
		<i_o_standard>LVTTL</i_o_standard>
		<current_strength>24mA</current_strength>
		<termination>Off</termination>
		<location_assigned_by>User</location_assigned_by>
		<load units="pF">0</load>
	</row>
	<row>
		<name>HEX5[6]</name>
		<pin__>R3</pin__>
		<i_o_bank>1</i_o_bank>
		<x_coordinate>0</x_coordinate>
		<y_coordinate>17</y_coordinate>
		<cell_number>3</cell_number>
		<output_register>no</output_register>
		<output_enable_register>no</output_enable_register>
		<power_up_high>no</power_up_high>
		<pci_i_o_enabled>no</pci_i_o_enabled>
		<open_drain>no</open_drain>
		<tri_primitive>no</tri_primitive>
		<bus_hold>no</bus_hold>
		<weak_pull_up>Off</weak_pull_up>
		<i_o_standard>LVTTL</i_o_standard>
		<current_strength>24mA</current_strength>
		<termination>Off</termination>
		<location_assigned_by>User</location_assigned_by>
		<load units="pF">0</load>
	</row>
	<row>
		<name>HEX6[0]</name>
		<pin__>R2</pin__>
		<i_o_bank>1</i_o_bank>
		<x_coordinate>0</x_coordinate>
		<y_coordinate>17</y_coordinate>
		<cell_number>2</cell_number>
		<output_register>no</output_register>
		<output_enable_register>no</output_enable_register>
		<power_up_high>no</power_up_high>
		<pci_i_o_enabled>no</pci_i_o_enabled>
		<open_drain>no</open_drain>
		<tri_primitive>no</tri_primitive>
		<bus_hold>no</bus_hold>
		<weak_pull_up>Off</weak_pull_up>
		<i_o_standard>LVTTL</i_o_standard>
		<current_strength>24mA</current_strength>
		<termination>Off</termination>
		<location_assigned_by>User</location_assigned_by>
		<load units="pF">0</load>
	</row>
	<row>
		<name>HEX6[1]</name>
		<pin__>P4</pin__>
		<i_o_bank>1</i_o_bank>
		<x_coordinate>0</x_coordinate>
		<y_coordinate>17</y_coordinate>
		<cell_number>1</cell_number>
		<output_register>no</output_register>
		<output_enable_register>no</output_enable_register>
		<power_up_high>no</power_up_high>
		<pci_i_o_enabled>no</pci_i_o_enabled>
		<open_drain>no</open_drain>
		<tri_primitive>no</tri_primitive>
		<bus_hold>no</bus_hold>
		<weak_pull_up>Off</weak_pull_up>
		<i_o_standard>LVTTL</i_o_standard>
		<current_strength>24mA</current_strength>
		<termination>Off</termination>
		<location_assigned_by>User</location_assigned_by>
		<load units="pF">0</load>
	</row>
	<row>
		<name>HEX6[2]</name>
		<pin__>P3</pin__>
		<i_o_bank>1</i_o_bank>
		<x_coordinate>0</x_coordinate>
		<y_coordinate>17</y_coordinate>
		<cell_number>0</cell_number>
		<output_register>no</output_register>
		<output_enable_register>no</output_enable_register>
		<power_up_high>no</power_up_high>
		<pci_i_o_enabled>no</pci_i_o_enabled>
		<open_drain>no</open_drain>
		<tri_primitive>no</tri_primitive>
		<bus_hold>no</bus_hold>
		<weak_pull_up>Off</weak_pull_up>
		<i_o_standard>LVTTL</i_o_standard>
		<current_strength>24mA</current_strength>
		<termination>Off</termination>
		<location_assigned_by>User</location_assigned_by>
		<load units="pF">0</load>
	</row>
	<row>
		<name>HEX6[3]</name>
		<pin__>M2</pin__>
		<i_o_bank>2</i_o_bank>
		<x_coordinate>0</x_coordinate>
		<y_coordinate>23</y_coordinate>
		<cell_number>4</cell_number>
		<output_register>no</output_register>
		<output_enable_register>no</output_enable_register>
		<power_up_high>no</power_up_high>
		<pci_i_o_enabled>no</pci_i_o_enabled>
		<open_drain>no</open_drain>
		<tri_primitive>no</tri_primitive>
		<bus_hold>no</bus_hold>
		<weak_pull_up>Off</weak_pull_up>
		<i_o_standard>LVTTL</i_o_standard>
		<current_strength>24mA</current_strength>
		<termination>Off</termination>
		<location_assigned_by>User</location_assigned_by>
		<load units="pF">0</load>
	</row>
	<row>
		<name>HEX6[4]</name>
		<pin__>M3</pin__>
		<i_o_bank>2</i_o_bank>
		<x_coordinate>0</x_coordinate>
		<y_coordinate>23</y_coordinate>
		<cell_number>3</cell_number>
		<output_register>no</output_register>
		<output_enable_register>no</output_enable_register>
		<power_up_high>no</power_up_high>
		<pci_i_o_enabled>no</pci_i_o_enabled>
		<open_drain>no</open_drain>
		<tri_primitive>no</tri_primitive>
		<bus_hold>no</bus_hold>
		<weak_pull_up>Off</weak_pull_up>
		<i_o_standard>LVTTL</i_o_standard>
		<current_strength>24mA</current_strength>
		<termination>Off</termination>
		<location_assigned_by>User</location_assigned_by>
		<load units="pF">0</load>
	</row>
	<row>
		<name>HEX6[5]</name>
		<pin__>M5</pin__>
		<i_o_bank>2</i_o_bank>
		<x_coordinate>0</x_coordinate>
		<y_coordinate>23</y_coordinate>
		<cell_number>2</cell_number>
		<output_register>no</output_register>
		<output_enable_register>no</output_enable_register>
		<power_up_high>no</power_up_high>
		<pci_i_o_enabled>no</pci_i_o_enabled>
		<open_drain>no</open_drain>
		<tri_primitive>no</tri_primitive>
		<bus_hold>no</bus_hold>
		<weak_pull_up>Off</weak_pull_up>
		<i_o_standard>LVTTL</i_o_standard>
		<current_strength>24mA</current_strength>
		<termination>Off</termination>
		<location_assigned_by>User</location_assigned_by>
		<load units="pF">0</load>
	</row>
	<row>
		<name>HEX6[6]</name>
		<pin__>M4</pin__>
		<i_o_bank>2</i_o_bank>
		<x_coordinate>0</x_coordinate>
		<y_coordinate>23</y_coordinate>
		<cell_number>1</cell_number>
		<output_register>no</output_register>
		<output_enable_register>no</output_enable_register>
		<power_up_high>no</power_up_high>
		<pci_i_o_enabled>no</pci_i_o_enabled>
		<open_drain>no</open_drain>
		<tri_primitive>no</tri_primitive>
		<bus_hold>no</bus_hold>
		<weak_pull_up>Off</weak_pull_up>
		<i_o_standard>LVTTL</i_o_standard>
		<current_strength>24mA</current_strength>
		<termination>Off</termination>
		<location_assigned_by>User</location_assigned_by>
		<load units="pF">0</load>
	</row>
	<row>
		<name>HEX7[0]</name>
		<pin__>L3</pin__>
		<i_o_bank>2</i_o_bank>
		<x_coordinate>0</x_coordinate>
		<y_coordinate>24</y_coordinate>
		<cell_number>4</cell_number>
		<output_register>no</output_register>
		<output_enable_register>no</output_enable_register>
		<power_up_high>no</power_up_high>
		<pci_i_o_enabled>no</pci_i_o_enabled>
		<open_drain>no</open_drain>
		<tri_primitive>no</tri_primitive>
		<bus_hold>no</bus_hold>
		<weak_pull_up>Off</weak_pull_up>
		<i_o_standard>LVTTL</i_o_standard>
		<current_strength>24mA</current_strength>
		<termination>Off</termination>
		<location_assigned_by>User</location_assigned_by>
		<load units="pF">0</load>
	</row>
	<row>
		<name>HEX7[1]</name>
		<pin__>L2</pin__>
		<i_o_bank>2</i_o_bank>
		<x_coordinate>0</x_coordinate>
		<y_coordinate>24</y_coordinate>
		<cell_number>3</cell_number>
		<output_register>no</output_register>
		<output_enable_register>no</output_enable_register>
		<power_up_high>no</power_up_high>
		<pci_i_o_enabled>no</pci_i_o_enabled>
		<open_drain>no</open_drain>
		<tri_primitive>no</tri_primitive>
		<bus_hold>no</bus_hold>
		<weak_pull_up>Off</weak_pull_up>
		<i_o_standard>LVTTL</i_o_standard>
		<current_strength>24mA</current_strength>
		<termination>Off</termination>
		<location_assigned_by>User</location_assigned_by>
		<load units="pF">0</load>
	</row>
	<row>
		<name>HEX7[2]</name>
		<pin__>L9</pin__>
		<i_o_bank>2</i_o_bank>
		<x_coordinate>0</x_coordinate>
		<y_coordinate>24</y_coordinate>
		<cell_number>2</cell_number>
		<output_register>no</output_register>
		<output_enable_register>no</output_enable_register>
		<power_up_high>no</power_up_high>
		<pci_i_o_enabled>no</pci_i_o_enabled>
		<open_drain>no</open_drain>
		<tri_primitive>no</tri_primitive>
		<bus_hold>no</bus_hold>
		<weak_pull_up>Off</weak_pull_up>
		<i_o_standard>LVTTL</i_o_standard>
		<current_strength>24mA</current_strength>
		<termination>Off</termination>
		<location_assigned_by>User</location_assigned_by>
		<load units="pF">0</load>
	</row>
	<row>
		<name>HEX7[3]</name>
		<pin__>L6</pin__>
		<i_o_bank>2</i_o_bank>
		<x_coordinate>0</x_coordinate>
		<y_coordinate>24</y_coordinate>
		<cell_number>1</cell_number>
		<output_register>no</output_register>
		<output_enable_register>no</output_enable_register>
		<power_up_high>no</power_up_high>
		<pci_i_o_enabled>no</pci_i_o_enabled>
		<open_drain>no</open_drain>
		<tri_primitive>no</tri_primitive>
		<bus_hold>no</bus_hold>
		<weak_pull_up>Off</weak_pull_up>
		<i_o_standard>LVTTL</i_o_standard>
		<current_strength>24mA</current_strength>
		<termination>Off</termination>
		<location_assigned_by>User</location_assigned_by>
		<load units="pF">0</load>
	</row>
	<row>
		<name>HEX7[4]</name>
		<pin__>L7</pin__>
		<i_o_bank>2</i_o_bank>
		<x_coordinate>0</x_coordinate>
		<y_coordinate>24</y_coordinate>
		<cell_number>0</cell_number>
		<output_register>no</output_register>
		<output_enable_register>no</output_enable_register>
		<power_up_high>no</power_up_high>
		<pci_i_o_enabled>no</pci_i_o_enabled>
		<open_drain>no</open_drain>
		<tri_primitive>no</tri_primitive>
		<bus_hold>no</bus_hold>
		<weak_pull_up>Off</weak_pull_up>
		<i_o_standard>LVTTL</i_o_standard>
		<current_strength>24mA</current_strength>
		<termination>Off</termination>
		<location_assigned_by>User</location_assigned_by>
		<load units="pF">0</load>
	</row>
	<row>
		<name>HEX7[5]</name>
		<pin__>P9</pin__>
		<i_o_bank>2</i_o_bank>
		<x_coordinate>0</x_coordinate>
		<y_coordinate>25</y_coordinate>
		<cell_number>4</cell_number>
		<output_register>no</output_register>
		<output_enable_register>no</output_enable_register>
		<power_up_high>no</power_up_high>
		<pci_i_o_enabled>no</pci_i_o_enabled>
		<open_drain>no</open_drain>
		<tri_primitive>no</tri_primitive>
		<bus_hold>no</bus_hold>
		<weak_pull_up>Off</weak_pull_up>
		<i_o_standard>LVTTL</i_o_standard>
		<current_strength>24mA</current_strength>
		<termination>Off</termination>
		<location_assigned_by>User</location_assigned_by>
		<load units="pF">0</load>
	</row>
	<row>
		<name>HEX7[6]</name>
		<pin__>N9</pin__>
		<i_o_bank>2</i_o_bank>
		<x_coordinate>0</x_coordinate>
		<y_coordinate>25</y_coordinate>
		<cell_number>3</cell_number>
		<output_register>no</output_register>
		<output_enable_register>no</output_enable_register>
		<power_up_high>no</power_up_high>
		<pci_i_o_enabled>no</pci_i_o_enabled>
		<open_drain>no</open_drain>
		<tri_primitive>no</tri_primitive>
		<bus_hold>no</bus_hold>
		<weak_pull_up>Off</weak_pull_up>
		<i_o_standard>LVTTL</i_o_standard>
		<current_strength>24mA</current_strength>
		<termination>Off</termination>
		<location_assigned_by>User</location_assigned_by>
		<load units="pF">0</load>
	</row>
	<row>
		<name>LEDG[0]</name>
		<pin__>AE22</pin__>
		<i_o_bank>7</i_o_bank>
		<x_coordinate>59</x_coordinate>
		<y_coordinate>0</y_coordinate>
		<cell_number>0</cell_number>
		<output_register>no</output_register>
		<output_enable_register>no</output_enable_register>
		<power_up_high>no</power_up_high>
		<pci_i_o_enabled>no</pci_i_o_enabled>
		<open_drain>no</open_drain>
		<tri_primitive>no</tri_primitive>
		<bus_hold>no</bus_hold>
		<weak_pull_up>Off</weak_pull_up>
		<i_o_standard>LVTTL</i_o_standard>
		<current_strength>24mA</current_strength>
		<termination>Off</termination>
		<location_assigned_by>User</location_assigned_by>
		<load units="pF">0</load>
	</row>
	<row>
		<name>LEDG[1]</name>
		<pin__>AF22</pin__>
		<i_o_bank>7</i_o_bank>
		<x_coordinate>59</x_coordinate>
		<y_coordinate>0</y_coordinate>
		<cell_number>1</cell_number>
		<output_register>no</output_register>
		<output_enable_register>no</output_enable_register>
		<power_up_high>no</power_up_high>
		<pci_i_o_enabled>no</pci_i_o_enabled>
		<open_drain>no</open_drain>
		<tri_primitive>no</tri_primitive>
		<bus_hold>no</bus_hold>
		<weak_pull_up>Off</weak_pull_up>
		<i_o_standard>LVTTL</i_o_standard>
		<current_strength>24mA</current_strength>
		<termination>Off</termination>
		<location_assigned_by>User</location_assigned_by>
		<load units="pF">0</load>
	</row>
	<row>
		<name>LEDG[2]</name>
		<pin__>W19</pin__>
		<i_o_bank>7</i_o_bank>
		<x_coordinate>59</x_coordinate>
		<y_coordinate>0</y_coordinate>
		<cell_number>2</cell_number>
		<output_register>no</output_register>
		<output_enable_register>no</output_enable_register>
		<power_up_high>no</power_up_high>
		<pci_i_o_enabled>no</pci_i_o_enabled>
		<open_drain>no</open_drain>
		<tri_primitive>no</tri_primitive>
		<bus_hold>no</bus_hold>
		<weak_pull_up>Off</weak_pull_up>
		<i_o_standard>LVTTL</i_o_standard>
		<current_strength>24mA</current_strength>
		<termination>Off</termination>
		<location_assigned_by>User</location_assigned_by>
		<load units="pF">0</load>
	</row>
	<row>
		<name>LEDG[3]</name>
		<pin__>V18</pin__>
		<i_o_bank>7</i_o_bank>
		<x_coordinate>59</x_coordinate>
		<y_coordinate>0</y_coordinate>
		<cell_number>3</cell_number>
		<output_register>no</output_register>
		<output_enable_register>no</output_enable_register>
		<power_up_high>no</power_up_high>
		<pci_i_o_enabled>no</pci_i_o_enabled>
		<open_drain>no</open_drain>
		<tri_primitive>no</tri_primitive>
		<bus_hold>no</bus_hold>
		<weak_pull_up>Off</weak_pull_up>
		<i_o_standard>LVTTL</i_o_standard>
		<current_strength>24mA</current_strength>
		<termination>Off</termination>
		<location_assigned_by>User</location_assigned_by>
		<load units="pF">0</load>
	</row>
	<row>
		<name>LEDG[4]</name>
		<pin__>U18</pin__>
		<i_o_bank>7</i_o_bank>
		<x_coordinate>57</x_coordinate>
		<y_coordinate>0</y_coordinate>
		<cell_number>0</cell_number>
		<output_register>no</output_register>
		<output_enable_register>no</output_enable_register>
		<power_up_high>no</power_up_high>
		<pci_i_o_enabled>no</pci_i_o_enabled>
		<open_drain>no</open_drain>
		<tri_primitive>no</tri_primitive>
		<bus_hold>no</bus_hold>
		<weak_pull_up>Off</weak_pull_up>
		<i_o_standard>LVTTL</i_o_standard>
		<current_strength>24mA</current_strength>
		<termination>Off</termination>
		<location_assigned_by>User</location_assigned_by>
		<load units="pF">0</load>
	</row>
	<row>
		<name>LEDG[5]</name>
		<pin__>U17</pin__>
		<i_o_bank>7</i_o_bank>
		<x_coordinate>57</x_coordinate>
		<y_coordinate>0</y_coordinate>
		<cell_number>1</cell_number>
		<output_register>no</output_register>
		<output_enable_register>no</output_enable_register>
		<power_up_high>no</power_up_high>
		<pci_i_o_enabled>no</pci_i_o_enabled>
		<open_drain>no</open_drain>
		<tri_primitive>no</tri_primitive>
		<bus_hold>no</bus_hold>
		<weak_pull_up>Off</weak_pull_up>
		<i_o_standard>LVTTL</i_o_standard>
		<current_strength>24mA</current_strength>
		<termination>Off</termination>
		<location_assigned_by>User</location_assigned_by>
		<load units="pF">0</load>
	</row>
	<row>
		<name>LEDG[6]</name>
		<pin__>AA20</pin__>
		<i_o_bank>7</i_o_bank>
		<x_coordinate>57</x_coordinate>
		<y_coordinate>0</y_coordinate>
		<cell_number>2</cell_number>
		<output_register>no</output_register>
		<output_enable_register>no</output_enable_register>
		<power_up_high>no</power_up_high>
		<pci_i_o_enabled>no</pci_i_o_enabled>
		<open_drain>no</open_drain>
		<tri_primitive>no</tri_primitive>
		<bus_hold>no</bus_hold>
		<weak_pull_up>Off</weak_pull_up>
		<i_o_standard>LVTTL</i_o_standard>
		<current_strength>24mA</current_strength>
		<termination>Off</termination>
		<location_assigned_by>User</location_assigned_by>
		<load units="pF">0</load>
	</row>
	<row>
		<name>LEDG[7]</name>
		<pin__>Y18</pin__>
		<i_o_bank>7</i_o_bank>
		<x_coordinate>57</x_coordinate>
		<y_coordinate>0</y_coordinate>
		<cell_number>3</cell_number>
		<output_register>no</output_register>
		<output_enable_register>no</output_enable_register>
		<power_up_high>no</power_up_high>
		<pci_i_o_enabled>no</pci_i_o_enabled>
		<open_drain>no</open_drain>
		<tri_primitive>no</tri_primitive>
		<bus_hold>no</bus_hold>
		<weak_pull_up>Off</weak_pull_up>
		<i_o_standard>LVTTL</i_o_standard>
		<current_strength>24mA</current_strength>
		<termination>Off</termination>
		<location_assigned_by>User</location_assigned_by>
		<load units="pF">0</load>
	</row>
</output_pins>
<i_o_bank_usage>
	<row>
		<i_o_bank>1</i_o_bank>
		<usage>17 / 64 ( 27 % )</usage>
		<vccio_voltage>3.3V</vccio_voltage>
	</row>
	<row>
		<i_o_bank>2</i_o_bank>
		<usage>14 / 59 ( 24 % )</usage>
		<vccio_voltage>3.3V</vccio_voltage>
	</row>
	<row>
		<i_o_bank>3</i_o_bank>
		<usage>1 / 56 ( 2 % )</usage>
		<vccio_voltage>3.3V</vccio_voltage>
	</row>
	<row>
		<i_o_bank>4</i_o_bank>
		<usage>0 / 58 ( 0 % )</usage>
		<vccio_voltage>3.3V</vccio_voltage>
	</row>
	<row>
		<i_o_bank>5</i_o_bank>
		<usage>39 / 65 ( 60 % )</usage>
		<vccio_voltage>3.3V</vccio_voltage>
	</row>
	<row>
		<i_o_bank>6</i_o_bank>
		<usage>2 / 59 ( 3 % )</usage>
		<vccio_voltage>3.3V</vccio_voltage>
	</row>
	<row>
		<i_o_bank>7</i_o_bank>
		<usage>10 / 58 ( 17 % )</usage>
		<vccio_voltage>3.3V</vccio_voltage>
	</row>
	<row>
		<i_o_bank>8</i_o_bank>
		<usage>2 / 56 ( 4 % )</usage>
		<vccio_voltage>3.3V</vccio_voltage>
	</row>
</i_o_bank_usage>
<advanced_data___general>
	<row>
		<name>Status Code</name>
		<value>0</value>
	</row>
	<row>
		<name>Desired User Slack</name>
		<value>0</value>
	</row>
	<row>
		<name>Fit Attempts</name>
		<value>1</value>
	</row>
</advanced_data___general>
<advanced_data___placement_preparation>
	<row>
		<name>Auto Fit Point 1 - Fit Attempt 1</name>
		<value>ff</value>
	</row>
	<row>
		<name>Mid Wire Use - Fit Attempt 1</name>
		<value>4</value>
	</row>
	<row>
		<name>Mid Slack - Fit Attempt 1</name>
		<value>495248</value>
	</row>
	<row>
		<name>Internal Atom Count - Fit Attempt 1</name>
		<value>2108</value>
	</row>
	<row>
		<name>LE/ALM Count - Fit Attempt 1</name>
		<value>1431</value>
	</row>
	<row>
		<name>LAB Count - Fit Attempt 1</name>
		<value>120</value>
	</row>
	<row>
		<name>Outputs per Lab - Fit Attempt 1</name>
		<value>8.800</value>
	</row>
	<row>
		<name>Inputs per LAB - Fit Attempt 1</name>
		<value>17.708</value>
	</row>
	<row>
		<name>Global Inputs per LAB - Fit Attempt 1</name>
		<value>1.842</value>
	</row>
	<row>
		<name>LAB Constraint &apos;non-global clock + sync load&apos; - Fit Attempt 1</name>
		<value>0:76;1:41;2:3</value>
	</row>
	<row>
		<name>LAB Constraint &apos;non-global controls&apos; - Fit Attempt 1</name>
		<value>0:27;1:41;2:39;3:13</value>
	</row>
	<row>
		<name>LAB Constraint &apos;non-global + aclr&apos; - Fit Attempt 1</name>
		<value>0:12;1:21;2:33;3:39;4:14;5:1</value>
	</row>
	<row>
		<name>LAB Constraint &apos;global non-clock non-aclr&apos; - Fit Attempt 1</name>
		<value>0:118;1:2</value>
	</row>
	<row>
		<name>LAB Constraint &apos;global controls&apos; - Fit Attempt 1</name>
		<value>0:16;1:6;2:78;3:18;4:2</value>
	</row>
	<row>
		<name>LAB Constraint &apos;deterministic LABSMUXA/LABXMUXB&apos; - Fit Attempt 1</name>
		<value>0:47;1:73</value>
	</row>
	<row>
		<name>LAB Constraint &apos;deterministic LABSMUXC/LABXMUXD&apos; - Fit Attempt 1</name>
		<value>0:28;1:63;2:26;3:3</value>
	</row>
	<row>
		<name>LAB Constraint &apos;clock / ce pair constraint&apos; - Fit Attempt 1</name>
		<value>0:11;1:47;2:62</value>
	</row>
	<row>
		<name>LAB Constraint &apos;aclr constraint&apos; - Fit Attempt 1</name>
		<value>0:11;1:84;2:25</value>
	</row>
	<row>
		<name>LAB Constraint &apos;true sload_sclear pair&apos; - Fit Attempt 1</name>
		<value>0:52;1:68</value>
	</row>
	<row>
		<name>LAB Constraint &apos;constant sload_sclear pair&apos; - Fit Attempt 1</name>
		<value>0:113;1:7</value>
	</row>
	<row>
		<name>LAB Constraint &apos;has placement constraint&apos; - Fit Attempt 1</name>
		<value>0:112;1:8</value>
	</row>
	<row>
		<name>LEs in Chains - Fit Attempt 1</name>
		<value>133</value>
	</row>
	<row>
		<name>LEs in Long Chains - Fit Attempt 1</name>
		<value>98</value>
	</row>
	<row>
		<name>LABs with Chains - Fit Attempt 1</name>
		<value>13</value>
	</row>
	<row>
		<name>LABs with Multiple Chains - Fit Attempt 1</name>
		<value>0</value>
	</row>
	<row>
		<name>Time - Fit Attempt 1</name>
		<value>1</value>
	</row>
	<row>
		<name>Time in tsm_dat.dll - Fit Attempt 1</name>
		<value>0.031</value>
	</row>
	<row>
		<name>Time in tsm_tan.dll - Fit Attempt 1</name>
		<value>0.218</value>
	</row>
</advanced_data___placement_preparation>
<advanced_data___placement>
	<row>
		<name>Auto Fit Point 2 - Fit Attempt 1</name>
		<value>ff</value>
	</row>
	<row>
		<name>Early Wire Use - Fit Attempt 1</name>
		<value>1</value>
	</row>
	<row>
		<name>Early Slack - Fit Attempt 1</name>
		<value>496622</value>
	</row>
	<row>
		<name>Auto Fit Point 3 - Fit Attempt 1</name>
		<value>ff</value>
	</row>
	<row>
		<name>Mid Wire Use - Fit Attempt 1</name>
		<value>2</value>
	</row>
	<row>
		<name>Mid Slack - Fit Attempt 1</name>
		<value>496920</value>
	</row>
	<row>
		<name>Auto Fit Point 4 - Fit Attempt 1</name>
		<value>ff</value>
	</row>
	<row>
		<name>Late Wire Use - Fit Attempt 1</name>
		<value>2</value>
	</row>
	<row>
		<name>Late Slack - Fit Attempt 1</name>
		<value>496920</value>
	</row>
	<row>
		<name>Auto Fit Point 5 - Fit Attempt 1</name>
		<value>ff</value>
	</row>
	<row>
		<name>Time - Fit Attempt 1</name>
		<value>1</value>
	</row>
	<row>
		<name>Time in tsm_tan.dll - Fit Attempt 1</name>
		<value>0.609</value>
	</row>
</advanced_data___placement>
<advanced_data___routing>
	<row>
		<name>Early Slack - Fit Attempt 1</name>
		<value>497269</value>
	</row>
	<row>
		<name>Early Wire Use - Fit Attempt 1</name>
		<value>3</value>
	</row>
	<row>
		<name>Peak Regional Wire - Fit Attempt 1</name>
		<value>27</value>
	</row>
	<row>
		<name>Mid Slack - Fit Attempt 1</name>
		<value>496324</value>
	</row>
	<row>
		<name>Late Slack - Fit Attempt 1</name>
		<value>496324</value>
	</row>
	<row>
		<name>Late Slack - Fit Attempt 1</name>
		<value>496324</value>
	</row>
	<row>
		<name>Late Wire Use - Fit Attempt 1</name>
		<value>3</value>
	</row>
	<row>
		<name>Time - Fit Attempt 1</name>
		<value>4</value>
	</row>
	<row>
		<name>Time in tsm_dat.dll - Fit Attempt 1</name>
		<value>0.031</value>
	</row>
	<row>
		<name>Time in tsm_tan.dll - Fit Attempt 1</name>
		<value>1.454</value>
	</row>
</advanced_data___routing>
<compilation_summary>
	<flow_status>Successful - Mon Jul 03 12:14:29 2006</flow_status>
	<quartus_ii_version>5.1 Build 176 10/26/2005 SJ Web Edition</quartus_ii_version>
	<revision_name>TimerTest</revision_name>
	<top_level_entity_name>TimerTest</top_level_entity_name>
	<family>Cyclone II</family>
	<device>EP2C35F672C6</device>
	<timing_models>Preliminary</timing_models>
	<met_timing_requirements>N/A</met_timing_requirements>
	<total_logic_elements>1,431 / 33,216 ( 4 % )</total_logic_elements>
	<total_registers>765</total_registers>
	<total_pins>82 / 475 ( 17 % )</total_pins>
	<total_virtual_pins>0</total_virtual_pins>
	<total_memory_bits>41,984 / 483,840 ( 9 % )</total_memory_bits>
	<embedded_multiplier_9_bit_elements>0 / 70 ( 0 % )</embedded_multiplier_9_bit_elements>
	<total_plls>0 / 4 ( 0 % )</total_plls>
</compilation_summary>
<compile_id>75286BF3</compile_id>
<files>
	<top>C:/DE2/NiosIIisr/TimerTest.v</top>
	<extensions>
		<ext filename="none">1</ext>
		<ext ext_name="v">12</ext>
		<ext ext_name="ptf">1</ext>
		<ext ext_name="tdf">8</ext>
		<ext ext_name="inc">15</ext>
		<ext ext_name="lst">1</ext>
		<ext ext_name="mif">2</ext>
		<ext ext_name="hex">1</ext>
		<ext ext_name="vhd">4</ext>
	</extensions>
	<sub_files>
		<sub_file>C:/DE2/NiosIIisr/cpu_0.v</sub_file>
		<sub_file>C:/DE2/NiosIIisr/cpu_0_jtag_debug_module.v</sub_file>
		<sub_file>C:/DE2/NiosIIisr/cpu_0_jtag_debug_module_wrapper.v</sub_file>
		<sub_file>C:/DE2/NiosIIisr/cpu_0_test_bench.v</sub_file>
		<sub_file>C:/DE2/NiosIIisr/jtag_uart_0.v</sub_file>
		<sub_file>C:/DE2/NiosIIisr/leds.v</sub_file>
		<sub_file>C:/DE2/NiosIIisr/NiosII.ptf</sub_file>
		<sub_file>C:/DE2/NiosIIisr/NiosII.v</sub_file>
		<sub_file>C:/DE2/NiosIIisr/onchip_memory_0.v</sub_file>
		<sub_file>C:/DE2/NiosIIisr/switches.v</sub_file>
		<sub_file>C:/DE2/NiosIIisr/timer_0.v</sub_file>
		<sub_file>C:/DE2/NiosIIisr/TimerTest.v</sub_file>
		<sub_file>c:/altera/quartus51/libraries/megafunctions/altsyncram.tdf</sub_file>
		<sub_file>c:/altera/quartus51/libraries/megafunctions/stratix_ram_block.inc</sub_file>
		<sub_file>c:/altera/quartus51/libraries/megafunctions/lpm_mux.inc</sub_file>
		<sub_file>c:/altera/quartus51/libraries/megafunctions/lpm_decode.inc</sub_file>
		<sub_file>c:/altera/quartus51/libraries/megafunctions/aglobal51.inc</sub_file>
		<sub_file>c:/altera/quartus51/libraries/megafunctions/altsyncram.inc</sub_file>
		<sub_file>c:/altera/quartus51/libraries/megafunctions/a_rdenreg.inc</sub_file>
		<sub_file>c:/altera/quartus51/libraries/megafunctions/altrom.inc</sub_file>
		<sub_file>c:/altera/quartus51/libraries/megafunctions/altram.inc</sub_file>
		<sub_file>c:/altera/quartus51/libraries/megafunctions/altdpram.inc</sub_file>
		<sub_file>c:/altera/quartus51/libraries/megafunctions/altqpram.inc</sub_file>
		<sub_file>c:/altera/quartus51/libraries/megafunctions/cbx.lst</sub_file>
		<sub_file>C:/DE2/NiosIIisr/db/altsyncram_r0r1.tdf</sub_file>
		<sub_file>C:/DE2/NiosIIisr/rf_ram.mif</sub_file>
		<sub_file>C:/DE2/NiosIIisr/db/altsyncram_s202.tdf</sub_file>
		<sub_file>C:/DE2/NiosIIisr/cpu_0_ociram_default_contents.mif</sub_file>
		<sub_file>C:/DE2/NiosIIisr/db/altsyncram_u2p1.tdf</sub_file>
		<sub_file>none</sub_file>
		<sub_file>C:/DE2/NiosIIisr/mem_onchip.v</sub_file>
		<sub_file>C:/DE2/NiosIIisr/db/altsyncram_1m21.tdf</sub_file>
		<sub_file>C:/DE2/NiosIIisr/mem_onchip.hex</sub_file>
		<sub_file>c:/altera/quartus51/libraries/megafunctions/pzdyqx.vhd</sub_file>
		<sub_file>c:/altera/quartus51/libraries/megafunctions/sld_hub.vhd</sub_file>
		<sub_file>c:/altera/quartus51/libraries/megafunctions/lpm_shiftreg.tdf</sub_file>
		<sub_file>c:/altera/quartus51/libraries/megafunctions/lpm_constant.inc</sub_file>
		<sub_file>c:/altera/quartus51/libraries/megafunctions/dffeea.inc</sub_file>
		<sub_file>c:/altera/quartus51/libraries/megafunctions/lpm_decode.tdf</sub_file>
		<sub_file>c:/altera/quartus51/libraries/megafunctions/declut.inc</sub_file>
		<sub_file>c:/altera/quartus51/libraries/megafunctions/altshift.inc</sub_file>
		<sub_file>c:/altera/quartus51/libraries/megafunctions/lpm_compare.inc</sub_file>
		<sub_file>C:/DE2/NiosIIisr/db/decode_rpe.tdf</sub_file>
		<sub_file>c:/altera/quartus51/libraries/megafunctions/sld_dffex.vhd</sub_file>
		<sub_file>c:/altera/quartus51/libraries/megafunctions/sld_rom_sr.vhd</sub_file>
	</sub_files>
</files>
<architecture>
	<family>Cyclone II</family>
	<auto_device>OFF</auto_device>
	<device>EP2C35F672C6</device>
</architecture>
<pkg_io>
	<pin_std count="89">LVTTL</pin_std>
</pkg_io>
</talkback>
