<?xml version="1.0" encoding="UTF-8"?>
<preferences>
 <debug showDebugMenu="0" />
 <systemtable filter="Default">
  <columns>
   <opcodeName visible="0" />
   <connections preferredWidth="30" />
   <irq preferredWidth="34" />
   <export visible="0" />
   <name preferredWidth="170" />
  </columns>
 </systemtable>
 <clocktable>
  <columns>
   <clockname preferredWidth="142" />
   <clocksource preferredWidth="142" />
   <frequency preferredWidth="123" />
  </columns>
 </clocktable>
 <window width="900" height="640" x="335" y="128" />
 <library
   expandedCategories="Library/Peripherals,Library,Library/Peripherals/Microcontroller Peripherals,Project" />
</preferences>
