<?xml version="1.0" encoding="UTF-8"?><?xml-stylesheet type='text/xsl' href='_UpgradeReport_Files/UpgradeReport.xslt'?><UpgradeLog>
<Properties><Property Name="Solution" Value="RawEthernet">
</Property><Property Name="Solution File" Value="C:\Users\Rob\Desktop\SendRawPacket\RawEthernet\RawEthernet.sln">
</Property><Property Name="Date" Value="Friday, November 16, 2007">
</Property><Property Name="Time" Value="13:34 PM">
</Property></Properties><Event ErrorLevel="0" Project="" Source="RawEthernet.sln" Description="File successfully backed up as C:\Users\Rob\Desktop\SendRawPacket\RawEthernet\Backup\RawEthernet.sln">
</Event><Event ErrorLevel="0" Project="RawEthernet" Source="RawEthernet.csproj" Description="Project file successfully backed up as C:\Users\Rob\Desktop\SendRawPacket\RawEthernet\Backup\RawEthernet.csproj">
</Event><Event ErrorLevel="0" Project="RawEthernet" Source="RawEthernet.csproj.user" Description="Project user file successfully backed up as C:\Users\Rob\Desktop\SendRawPacket\RawEthernet\Backup\RawEthernet.csproj.user">
</Event><Event ErrorLevel="0" Project="RawEthernet" Source="AssemblyInfo.cs" Description="File successfully backed up as C:\Users\Rob\Desktop\SendRawPacket\RawEthernet\Backup\AssemblyInfo.cs">
</Event><Event ErrorLevel="0" Project="RawEthernet" Source="RawEthernet.cs" Description="File successfully backed up as C:\Users\Rob\Desktop\SendRawPacket\RawEthernet\Backup\RawEthernet.cs">
</Event><Event ErrorLevel="0" Project="RawEthernet" Source="App.ico" Description="File successfully backed up as C:\Users\Rob\Desktop\SendRawPacket\RawEthernet\Backup\App.ico">
</Event><Event ErrorLevel="0" Project="RawEthernet" Source="RawEthernet.csproj" Description="Project converted successfully">
</Event><Event ErrorLevel="3" Project="RawEthernet" Source="RawEthernet.csproj" Description="Converted">
</Event><Event ErrorLevel="0" Project="" Source="RawEthernet.sln" Description="Solution converted successfully">
</Event><Event ErrorLevel="3" Project="" Source="RawEthernet.sln" Description="Converted">
</Event><Event ErrorLevel="0" Project="RawEthernet" Source="RawEthernet.csproj" Description="Scan complete: Upgrade not required for project files.">
</Event></UpgradeLog>