<?xml version="1.0" encoding="UTF-8"?><preferences>
    <systemtable>
        <columns>
            <connections preferredWidth="47" />
            <irq preferredWidth="34" />
        </columns>
    </systemtable>
    <clocktable>
        <columns>
            <clockname preferredWidth="287" />
            <clocksource preferredWidth="284" />
            <frequency preferredWidth="279" />
        </columns>
    </clocktable>
    <window width="1278" height="993" x="0" y="1" />
    <library expandedCategories="Interface Protocols,Memories and Memory Controllers/Flash,Peripherals,Memories and Memory Controllers,Peripherals/Microcontroller Peripherals" />
</preferences>
