
<!--
This XML file (created on Tue Oct 10 10:29:59 2006) contains limited information
from the compilation of logic designs using Quartus II software (BUT NOT THE
LOGIC DESIGN FILES) that will be transmitted to Altera Corporation through
operation of the "TalkBack" feature.  To enable/disable this feature, run
qtb_install.exe located in your quartus/bin folder.  For more information, go
to www.altera.com/products/software/download/dnl-download_license.html
-->
<talkback>
<ver>6.0</ver>
<schema>quartus_version_6.0_build_202.xsd</schema>
<machine>
	<os>Windows XP</os>
	<cpu>
		<proc_count>2</proc_count>
		<cpu_freq units="MHz">3391</cpu_freq>
	</cpu>
	<ram units="MB">1023</ram>
</machine>
<tool>
	<name>Quartus II</name>
	<version>6.0</version>
	<build>Build 202</build>
	<service_pack_label>1</service_pack_label>
	<binary_type>32</binary_type>
	<module>quartus</module>
	<edition>Web Edition</edition>
	<eval>Licensed</eval>
	<compilation_end_time>Tue Oct 10 10:29:59 2006</compilation_end_time>
</tool>
<license>
	<host_id>00123f4b0b3f</host_id>
	<nic_id>00123f4b0b3f</nic_id>
	<cdrive_id>882dfa9e</cdrive_id>
</license>
<internal_error>
	<executable>quartus.exe</executable>
	<sub_system>ERR</sub_system>
	<callstack>Stack Trace:
02911ada: SDR_TX_TRIGGER::is_power_up_trigger_view() + 0x0 (sld_sdr)
05c5db06: sld_sed_dll_get_template_classes() + 0x45f67 (sld_sed)
7c1d35e8: Ordinal6231() + 0x36 (MFC71)
05c2022d: sld_sed_dll_get_template_classes() + 0x868e (sld_sed)
7c1d3caa: Ordinal2051() + 0x13a (MFC71)
1001f8e0: AFC_EDITOR_DOC::DoSave() + 0x4d6 (GCL_AFC)
1000b7fb: AFC_EDITOR_DOC::DoFileSave() + 0x41 (GCL_AFC)
7c17870b: Ordinal1379() + 0x3f (MFC71)
7c17872b: Ordinal1380() + 0x16 (MFC71)
7c17332d: Ordinal3401() + 0x1a (MFC71)
100064ab: AFC_CHILD_FRAME::OnWndMsg() + 0x8a (GCL_AFC)
7c16e0b0: Ordinal6275() + 0x22 (MFC71)
7c16e14f: Ordinal1028() + 0x7d (MFC71)
7c16e1b8: Ordinal1209() + 0x3b (MFC71)
7c16e1f6: Ordinal1209() + 0x79 (MFC71)
77d48734: GetDC() + 0x6d (USER32)
77d48816: GetDC() + 0x14f (USER32)
77d4b4c0: DefWindowProcW() + 0x184 (USER32)
77d4b50c: DefWindowProcW() + 0x1d0 (USER32)
7c90eae3: KiUserCallbackDispatcher() + 0x13 (ntdll)
77d4d598: DefWindowProcA() + 0xaa (USER32)
5ad73c20: DrawThemeText() + 0xbef (UXTHEME)
5ad8e300: GetThemeTextMetrics() + 0x4b0 (UXTHEME)
5ad71ac7: 0x1ac7 (UXTHEME)
5ad7367a: DrawThemeText() + 0x649 (UXTHEME)
77d5f134: SendInput() + 0x1c (USER32)
77d6e545: EnumClipboardFormats() + 0x30 (USER32)
77d60add: DefMDIChildProcW() + 0xbe (USER32)
77d7f6cc: DefMDIChildProcA() + 0x18 (USER32)
7c14435d: Ordinal1904() + 0x15 (MFC71)
7c17333a: Ordinal3401() + 0x27 (MFC71)
100064ab: AFC_CHILD_FRAME::OnWndMsg() + 0x8a (GCL_AFC)
7c16e0b0: Ordinal6275() + 0x22 (MFC71)
7c16e14f: Ordinal1028() + 0x7d (MFC71)
7c16e1b8: Ordinal1209() + 0x3b (MFC71)
7c16e1f6: Ordinal1209() + 0x79 (MFC71)
77d48734: GetDC() + 0x6d (USER32)
77d48816: GetDC() + 0x14f (USER32)
77d4b89b: GetParent() + 0x16c (USER32)
77d4b903: SendMessageW() + 0x49 (USER32)
5ad9881f: GetThemeTextMetrics() + 0xa9cf (UXTHEME)
5ad71ac7: 0x1ac7 (UXTHEME)
5ad7367a: DrawThemeText() + 0x649 (UXTHEME)
77d5f134: SendInput() + 0x1c (USER32)
77d6e545: EnumClipboardFormats() + 0x30 (USER32)
77d60add: DefMDIChildProcW() + 0xbe (USER32)
77d7f6cc: DefMDIChildProcA() + 0x18 (USER32)
7c14435d: Ordinal1904() + 0x15 (MFC71)
7c171d69: Ordinal3660() + 0x159 (MFC71)
100064ab: AFC_CHILD_FRAME::OnWndMsg() + 0x8a (GCL_AFC)
7c16e0b0: Ordinal6275() + 0x22 (MFC71)
7c16e14f: Ordinal1028() + 0x7d (MFC71)
7c16e1b8: Ordinal1209() + 0x3b (MFC71)
7c16e1f6: Ordinal1209() + 0x79 (MFC71)
77d48734: GetDC() + 0x6d (USER32)
77d48816: GetDC() + 0x14f (USER32)
77d489cd: GetWindowLongW() + 0x127 (USER32)
77d496c7: DispatchMessageA() + 0xf (USER32)

End-trace
</callstack>
	<error>Fatal error detected: Access Violation</error>
	<date>Tue Oct 10 10:29:27 2006</date>
	<version>Quartus II Version 6.0 Build 202 06/20/2006 Service Pack 1 SJ Web Edition</version>
	<full_error>Fatal error detected: Access Violation
Stack Trace:
02911ada: SDR_TX_TRIGGER::is_power_up_trigger_view() + 0x0 (sld_sdr)
05c5db06: sld_sed_dll_get_template_classes() + 0x45f67 (sld_sed)
7c1d35e8: Ordinal6231() + 0x36 (MFC71)
05c2022d: sld_sed_dll_get_template_classes() + 0x868e (sld_sed)
7c1d3caa: Ordinal2051() + 0x13a (MFC71)
1001f8e0: AFC_EDITOR_DOC::DoSave() + 0x4d6 (GCL_AFC)
1000b7fb: AFC_EDITOR_DOC::DoFileSave() + 0x41 (GCL_AFC)
7c17870b: Ordinal1379() + 0x3f (MFC71)
7c17872b: Ordinal1380() + 0x16 (MFC71)
7c17332d: Ordinal3401() + 0x1a (MFC71)
100064ab: AFC_CHILD_FRAME::OnWndMsg() + 0x8a (GCL_AFC)
7c16e0b0: Ordinal6275() + 0x22 (MFC71)
7c16e14f: Ordinal1028() + 0x7d (MFC71)
7c16e1b8: Ordinal1209() + 0x3b (MFC71)
7c16e1f6: Ordinal1209() + 0x79 (MFC71)
77d48734: GetDC() + 0x6d (USER32)
77d48816: GetDC() + 0x14f (USER32)
77d4b4c0: DefWindowProcW() + 0x184 (USER32)
77d4b50c: DefWindowProcW() + 0x1d0 (USER32)
7c90eae3: KiUserCallbackDispatcher() + 0x13 (ntdll)
77d4d598: DefWindowProcA() + 0xaa (USER32)
5ad73c20: DrawThemeText() + 0xbef (UXTHEME)
5ad8e300: GetThemeTextMetrics() + 0x4b0 (UXTHEME)
5ad71ac7: 0x1ac7 (UXTHEME)
5ad7367a: DrawThemeText() + 0x649 (UXTHEME)
77d5f134: SendInput() + 0x1c (USER32)
77d6e545: EnumClipboardFormats() + 0x30 (USER32)
77d60add: DefMDIChildProcW() + 0xbe (USER32)
77d7f6cc: DefMDIChildProcA() + 0x18 (USER32)
7c14435d: Ordinal1904() + 0x15 (MFC71)
7c17333a: Ordinal3401() + 0x27 (MFC71)
100064ab: AFC_CHILD_FRAME::OnWndMsg() + 0x8a (GCL_AFC)
7c16e0b0: Ordinal6275() + 0x22 (MFC71)
7c16e14f: Ordinal1028() + 0x7d (MFC71)
7c16e1b8: Ordinal1209() + 0x3b (MFC71)
7c16e1f6: Ordinal1209() + 0x79 (MFC71)
77d48734: GetDC() + 0x6d (USER32)
77d48816: GetDC() + 0x14f (USER32)
77d4b89b: GetParent() + 0x16c (USER32)
77d4b903: SendMessageW() + 0x49 (USER32)
5ad9881f: GetThemeTextMetrics() + 0xa9cf (UXTHEME)
5ad71ac7: 0x1ac7 (UXTHEME)
5ad7367a: DrawThemeText() + 0x649 (UXTHEME)
77d5f134: SendInput() + 0x1c (USER32)
77d6e545: EnumClipboardFormats() + 0x30 (USER32)
77d60add: DefMDIChildProcW() + 0xbe (USER32)
77d7f6cc: DefMDIChildProcA() + 0x18 (USER32)
7c14435d: Ordinal1904() + 0x15 (MFC71)
7c171d69: Ordinal3660() + 0x159 (MFC71)
100064ab: AFC_CHILD_FRAME::OnWndMsg() + 0x8a (GCL_AFC)
7c16e0b0: Ordinal6275() + 0x22 (MFC71)
7c16e14f: Ordinal1028() + 0x7d (MFC71)
7c16e1b8: Ordinal1209() + 0x3b (MFC71)
7c16e1f6: Ordinal1209() + 0x79 (MFC71)
77d48734: GetDC() + 0x6d (USER32)
77d48816: GetDC() + 0x14f (USER32)
77d489cd: GetWindowLongW() + 0x127 (USER32)
77d496c7: DispatchMessageA() + 0xf (USER32)

End-trace

Quartus II Version 6.0 Build 202 06/20/2006 Service Pack 1 SJ Web Edition </full_error>
</internal_error>
</talkback>
