<?xml version="1.0" ?>
<LOG_ROOT>
	<PROJECT NAME="DE2_TOP">
		<CBX_INST_ENTRY INSTANCE_NAME="|DE2_TOP|minicpu:cpu2|dpram:dpram0|altsyncram:mem_rtl_3|altsyncram_78l1:auto_generated|altsyncram:ram_block1a0" CBX_FILE_NAME="altsyncram_cb93.tdf"/>
		<CBX_INST_ENTRY INSTANCE_NAME="|DE2_TOP|minicpu:cpu3|dpram:dpram0|altsyncram:mem_rtl_0" CBX_FILE_NAME="altsyncram_78l1.tdf"/>
		<CBX_INST_ENTRY INSTANCE_NAME="|DE2_TOP|minicpu:cpu1|alu:alu0|lpm_mult:Mult0" CBX_FILE_NAME="mult_t8t.tdf"/>
		<CBX_INST_ENTRY INSTANCE_NAME="|DE2_TOP|minicpu:cpu2|dpram:dpram0|altsyncram:mem_rtl_2" CBX_FILE_NAME="altsyncram_78l1.tdf"/>
		<CBX_INST_ENTRY INSTANCE_NAME="|DE2_TOP|minicpu:cpu3|dpram:dpram0|altsyncram:mem_rtl_1" CBX_FILE_NAME="altsyncram_78l1.tdf"/>
		<CBX_INST_ENTRY INSTANCE_NAME="|DE2_TOP|char_rom:rom1|altsyncram:mem_rtl_6" CBX_FILE_NAME="altsyncram_kd61.tdf"/>
		<CBX_INST_ENTRY INSTANCE_NAME="|DE2_TOP|minicpu:cpu1|dpram:dpram0|altsyncram:mem_rtl_4" CBX_FILE_NAME="altsyncram_78l1.tdf"/>
		<CBX_INST_ENTRY INSTANCE_NAME="|DE2_TOP|minicpu:cpu2|alu:alu0|lpm_mult:Mult0" CBX_FILE_NAME="mult_t8t.tdf"/>
		<CBX_INST_ENTRY INSTANCE_NAME="|DE2_TOP|minicpu:cpu2|dpram:dpram0|altsyncram:mem_rtl_3" CBX_FILE_NAME="altsyncram_78l1.tdf"/>
		<CBX_INST_ENTRY INSTANCE_NAME="|DE2_TOP|minicpu:cpu3|dpram:dpram0|altsyncram:mem_rtl_0|altsyncram_78l1:auto_generated|altsyncram:ram_block1a0" CBX_FILE_NAME="altsyncram_cb93.tdf"/>
		<CBX_INST_ENTRY INSTANCE_NAME="|DE2_TOP|minicpu:cpu1|dpram:dpram0|altsyncram:mem_rtl_5" CBX_FILE_NAME="altsyncram_78l1.tdf"/>
		<CBX_INST_ENTRY INSTANCE_NAME="|DE2_TOP|minicpu:cpu2|dpram:dpram0|altsyncram:mem_rtl_2|altsyncram_78l1:auto_generated|altsyncram:ram_block1a0" CBX_FILE_NAME="altsyncram_cb93.tdf"/>
		<CBX_INST_ENTRY INSTANCE_NAME="|DE2_TOP|minicpu:cpu3|alu:alu0|lpm_mult:Mult0" CBX_FILE_NAME="mult_t8t.tdf"/>
		<CBX_INST_ENTRY INSTANCE_NAME="|DE2_TOP|minicpu:cpu3|dpram:dpram0|altsyncram:mem_rtl_1|altsyncram_78l1:auto_generated|altsyncram:ram_block1a0" CBX_FILE_NAME="altsyncram_cb93.tdf"/>
	</PROJECT>
</LOG_ROOT>
