<?xml version="1.0" ?>
<LOG_ROOT>
	<PROJECT NAME="AES_Decrypt">
		<CBX_INST_ENTRY INSTANCE_NAME="|Encryptor|encryption_single:d6|look_up:L3|altsyncram:Ram0_rtl_0" CBX_FILE_NAME="altsyncram_9681.tdf"/>
		<CBX_INST_ENTRY INSTANCE_NAME="|Encryptor|encryption_single:d7|look_up:L2|altsyncram:Ram0_rtl_0" CBX_FILE_NAME="altsyncram_9681.tdf"/>
		<CBX_INST_ENTRY INSTANCE_NAME="|Encryptor|encryption_single:d8|look_up:L1|altsyncram:Ram0_rtl_0" CBX_FILE_NAME="altsyncram_9681.tdf"/>
		<CBX_INST_ENTRY INSTANCE_NAME="|Encryptor|encryption_single:d9|look_up:L0|altsyncram:Ram0_rtl_0" CBX_FILE_NAME="altsyncram_9681.tdf"/>
		<CBX_INST_ENTRY INSTANCE_NAME="|Encryptor|key_generator:K|look_up:K0|altsyncram:Ram0_rtl_0" CBX_FILE_NAME="altsyncram_qc71.tdf"/>
		<CBX_INST_ENTRY INSTANCE_NAME="|Encryptor|encryption_single:d7|look_up:L3|altsyncram:Ram0_rtl_0" CBX_FILE_NAME="altsyncram_9681.tdf"/>
		<CBX_INST_ENTRY INSTANCE_NAME="|Encryptor|encryption_single:d8|look_up:L2|altsyncram:Ram0_rtl_0" CBX_FILE_NAME="altsyncram_9681.tdf"/>
		<CBX_INST_ENTRY INSTANCE_NAME="|Encryptor|encryption_single:d9|look_up:L1|altsyncram:Ram0_rtl_0" CBX_FILE_NAME="altsyncram_9681.tdf"/>
		<CBX_INST_ENTRY INSTANCE_NAME="|Encryptor|key_generator:K|look_up:K1|altsyncram:Ram0_rtl_0" CBX_FILE_NAME="altsyncram_qc71.tdf"/>
		<CBX_INST_ENTRY INSTANCE_NAME="|Encryptor|encryption_single:d8|look_up:L3|altsyncram:Ram0_rtl_0" CBX_FILE_NAME="altsyncram_9681.tdf"/>
		<CBX_INST_ENTRY INSTANCE_NAME="|Encryptor|encryption_single:d9|look_up:L2|altsyncram:Ram0_rtl_0" CBX_FILE_NAME="altsyncram_9681.tdf"/>
		<CBX_INST_ENTRY INSTANCE_NAME="|Encryptor|key_generator:K|look_up:K2|altsyncram:Ram0_rtl_0" CBX_FILE_NAME="altsyncram_qc71.tdf"/>
		<CBX_INST_ENTRY INSTANCE_NAME="|Encryptor|encryption_single:d1|look_up:L3|altsyncram:Ram0_rtl_0" CBX_FILE_NAME="altsyncram_9681.tdf"/>
		<CBX_INST_ENTRY INSTANCE_NAME="|Encryptor|encryption_single:d2|look_up:L2|altsyncram:Ram0_rtl_0" CBX_FILE_NAME="altsyncram_9681.tdf"/>
		<CBX_INST_ENTRY INSTANCE_NAME="|Encryptor|encryption_single:d3|look_up:L1|altsyncram:Ram0_rtl_0" CBX_FILE_NAME="altsyncram_9681.tdf"/>
		<CBX_INST_ENTRY INSTANCE_NAME="|Encryptor|encryption_single:d4|look_up:L0|altsyncram:Ram0_rtl_0" CBX_FILE_NAME="altsyncram_9681.tdf"/>
		<CBX_INST_ENTRY INSTANCE_NAME="|Encryptor|encryption_single:d9|look_up:L3|altsyncram:Ram0_rtl_0" CBX_FILE_NAME="altsyncram_9681.tdf"/>
		<CBX_INST_ENTRY INSTANCE_NAME="|Encryptor|key_generator:K|look_up:K3|altsyncram:Ram0_rtl_0" CBX_FILE_NAME="altsyncram_qc71.tdf"/>
		<CBX_INST_ENTRY INSTANCE_NAME="|Encryptor|encryption_single:d2|look_up:L3|altsyncram:Ram0_rtl_0" CBX_FILE_NAME="altsyncram_9681.tdf"/>
		<CBX_INST_ENTRY INSTANCE_NAME="|Encryptor|encryption_single:d3|look_up:L2|altsyncram:Ram0_rtl_0" CBX_FILE_NAME="altsyncram_9681.tdf"/>
		<CBX_INST_ENTRY INSTANCE_NAME="|Encryptor|encryption_single:d4|look_up:L1|altsyncram:Ram0_rtl_0" CBX_FILE_NAME="altsyncram_9681.tdf"/>
		<CBX_INST_ENTRY INSTANCE_NAME="|Encryptor|encryption_single:d5|look_up:L0|altsyncram:Ram0_rtl_0" CBX_FILE_NAME="altsyncram_9681.tdf"/>
		<CBX_INST_ENTRY INSTANCE_NAME="|Encryptor|encryption_single:d3|look_up:L3|altsyncram:Ram0_rtl_0" CBX_FILE_NAME="altsyncram_9681.tdf"/>
		<CBX_INST_ENTRY INSTANCE_NAME="|Encryptor|encryption_single:d4|look_up:L2|altsyncram:Ram0_rtl_0" CBX_FILE_NAME="altsyncram_9681.tdf"/>
		<CBX_INST_ENTRY INSTANCE_NAME="|Encryptor|encryption_single:d5|look_up:L1|altsyncram:Ram0_rtl_0" CBX_FILE_NAME="altsyncram_9681.tdf"/>
		<CBX_INST_ENTRY INSTANCE_NAME="|Encryptor|encryption_single:d6|look_up:L0|altsyncram:Ram0_rtl_0" CBX_FILE_NAME="altsyncram_9681.tdf"/>
		<CBX_INST_ENTRY INSTANCE_NAME="|Encryptor|encryption_single:d4|look_up:L3|altsyncram:Ram0_rtl_0" CBX_FILE_NAME="altsyncram_9681.tdf"/>
		<CBX_INST_ENTRY INSTANCE_NAME="|Encryptor|encryption_single:d5|look_up:L2|altsyncram:Ram0_rtl_0" CBX_FILE_NAME="altsyncram_9681.tdf"/>
		<CBX_INST_ENTRY INSTANCE_NAME="|Encryptor|encryption_single:d6|look_up:L1|altsyncram:Ram0_rtl_0" CBX_FILE_NAME="altsyncram_9681.tdf"/>
		<CBX_INST_ENTRY INSTANCE_NAME="|Encryptor|encryption_single:d7|look_up:L0|altsyncram:Ram0_rtl_0" CBX_FILE_NAME="altsyncram_9681.tdf"/>
		<CBX_INST_ENTRY INSTANCE_NAME="|Encryptor|encryption_single:d0|look_up:L0|altsyncram:Ram0_rtl_0" CBX_FILE_NAME="altsyncram_9681.tdf"/>
		<CBX_INST_ENTRY INSTANCE_NAME="|Encryptor|encryption_single:d5|look_up:L3|altsyncram:Ram0_rtl_0" CBX_FILE_NAME="altsyncram_9681.tdf"/>
		<CBX_INST_ENTRY INSTANCE_NAME="|Encryptor|encryption_single:d6|look_up:L2|altsyncram:Ram0_rtl_0" CBX_FILE_NAME="altsyncram_9681.tdf"/>
		<CBX_INST_ENTRY INSTANCE_NAME="|Encryptor|encryption_single:d7|look_up:L1|altsyncram:Ram0_rtl_0" CBX_FILE_NAME="altsyncram_9681.tdf"/>
		<CBX_INST_ENTRY INSTANCE_NAME="|Encryptor|encryption_single:d8|look_up:L0|altsyncram:Ram0_rtl_0" CBX_FILE_NAME="altsyncram_9681.tdf"/>
		<CBX_INST_ENTRY INSTANCE_NAME="|Encryptor|encryption_single:d0|look_up:L1|altsyncram:Ram0_rtl_0" CBX_FILE_NAME="altsyncram_9681.tdf"/>
		<CBX_INST_ENTRY INSTANCE_NAME="|Encryptor|encryption_single:d1|look_up:L0|altsyncram:Ram0_rtl_0" CBX_FILE_NAME="altsyncram_9681.tdf"/>
		<CBX_INST_ENTRY INSTANCE_NAME="|Encryptor|encryption_single:d0|look_up:L2|altsyncram:Ram0_rtl_0" CBX_FILE_NAME="altsyncram_9681.tdf"/>
		<CBX_INST_ENTRY INSTANCE_NAME="|Encryptor|encryption_single:d1|look_up:L1|altsyncram:Ram0_rtl_0" CBX_FILE_NAME="altsyncram_9681.tdf"/>
		<CBX_INST_ENTRY INSTANCE_NAME="|Encryptor|encryption_single:d2|look_up:L0|altsyncram:Ram0_rtl_0" CBX_FILE_NAME="altsyncram_9681.tdf"/>
		<CBX_INST_ENTRY INSTANCE_NAME="|Encryptor|encryption_single:d0|look_up:L3|altsyncram:Ram0_rtl_0" CBX_FILE_NAME="altsyncram_9681.tdf"/>
		<CBX_INST_ENTRY INSTANCE_NAME="|Encryptor|encryption_single:d1|look_up:L2|altsyncram:Ram0_rtl_0" CBX_FILE_NAME="altsyncram_9681.tdf"/>
		<CBX_INST_ENTRY INSTANCE_NAME="|Encryptor|encryption_single:d2|look_up:L1|altsyncram:Ram0_rtl_0" CBX_FILE_NAME="altsyncram_9681.tdf"/>
		<CBX_INST_ENTRY INSTANCE_NAME="|Encryptor|encryption_single:d3|look_up:L0|altsyncram:Ram0_rtl_0" CBX_FILE_NAME="altsyncram_9681.tdf"/>
	</PROJECT>
</LOG_ROOT>
