<?xml version="1.0" ?>
<LOG_ROOT>
	<PROJECT NAME="DE2_Default">
		<CBX_INST_ENTRY INSTANCE_NAME="|DE2_Default|sld_signaltap:auto_signaltap_0|sld_offload_buffer_mgr:\stp_non_zero_depth_offload_gen:stp_offload_buff_mgr_inst|lpm_counter:read_pointer_counter" CBX_FILE_NAME="cntr_1ff.tdf"/>
		<CBX_INST_ENTRY INSTANCE_NAME="|DE2_Default|signed_mult:K_M|lpm_mult:Mult0" CBX_FILE_NAME="mult_0s01.tdf"/>
		<CBX_INST_ENTRY INSTANCE_NAME="|DE2_Default|sld_hub:sld_hub_inst|lpm_decode:instruction_decoder" CBX_FILE_NAME="decode_aoi.tdf"/>
		<CBX_INST_ENTRY INSTANCE_NAME="|DE2_Default|sld_signaltap:auto_signaltap_0|altsyncram:\stp_non_zero_ram_gen:stp_buffer_ram" CBX_FILE_NAME="altsyncram_5oi2.tdf"/>
		<CBX_INST_ENTRY INSTANCE_NAME="|DE2_Default|sld_signaltap:auto_signaltap_0|sld_acquisition_buffer:sld_acquisition_buffer_inst|lpm_counter:\write_address_non_zero_gen:write_pointer_counter" CBX_FILE_NAME="cntr_blh.tdf"/>
		<CBX_INST_ENTRY INSTANCE_NAME="|DE2_Default|sld_signaltap:auto_signaltap_0|sld_ela_control:ela_control|sld_ela_post_trigger_counter:\gen_non_zero_sample_depth:tc1|lpm_counter:post_trigger_counter" CBX_FILE_NAME="cntr_mhg.tdf"/>
		<CBX_INST_ENTRY INSTANCE_NAME="|DE2_Default|sld_signaltap:auto_signaltap_0|sld_ela_control:ela_control|sld_ela_segment_mgr:\gen_non_zero_sample_depth_segment:seg_mgr|lpm_compare:\non_zero_sample_depth_gen:segment_addr_compare" CBX_FILE_NAME="cmpr_nth.tdf"/>
		<CBX_INST_ENTRY INSTANCE_NAME="|DE2_Default|sld_signaltap:auto_signaltap_0|sld_ela_control:ela_control|sld_ela_segment_mgr:\gen_non_zero_sample_depth_segment:seg_mgr|lpm_counter:\non_zero_sample_depth_gen:segment_addr_counter" CBX_FILE_NAME="cntr_lqf.tdf"/>
		<CBX_INST_ENTRY INSTANCE_NAME="|DE2_Default|signed_mult:D_M|lpm_mult:Mult0" CBX_FILE_NAME="mult_1s01.tdf"/>
		<CBX_INST_ENTRY INSTANCE_NAME="|DE2_Default|sld_signaltap:auto_signaltap_0|sld_offload_buffer_mgr:\stp_non_zero_depth_offload_gen:stp_offload_buff_mgr_inst|lpm_counter:\adv_point_3_and_more:advance_pointer_counter" CBX_FILE_NAME="cntr_9ne.tdf"/>
		<CBX_INST_ENTRY INSTANCE_NAME="|DE2_Default|sync_rom:sineTable|altsyncram:Ram0_rtl_0" CBX_FILE_NAME="altsyncram_c401.tdf"/>
	</PROJECT>
</LOG_ROOT>
