<?xml version="1.0" ?>
<LOG_ROOT>
	<PROJECT NAME="AES_Decrypt">
		<CBX_INST_ENTRY INSTANCE_NAME="|AES_Decrypt|key_generator:K|look_up:K3|altsyncram:Ram0_rtl_0" CBX_FILE_NAME="altsyncram_qc71.tdf"/>
		<CBX_INST_ENTRY INSTANCE_NAME="|AES_Decrypt|decrypter_pipe:d0|look_up_decrypt:L0|altsyncram:Ram0_rtl_0" CBX_FILE_NAME="altsyncram_p091.tdf"/>
		<CBX_INST_ENTRY INSTANCE_NAME="|AES_Decrypt|decrypter_pipe:d0|look_up_decrypt:L1|altsyncram:Ram0_rtl_0" CBX_FILE_NAME="altsyncram_p091.tdf"/>
		<CBX_INST_ENTRY INSTANCE_NAME="|AES_Decrypt|decrypter_pipe:d1|look_up_decrypt:L0|altsyncram:Ram0_rtl_0" CBX_FILE_NAME="altsyncram_p091.tdf"/>
		<CBX_INST_ENTRY INSTANCE_NAME="|AES_Decrypt|decrypter_pipe:d0|look_up_decrypt:L2|altsyncram:Ram0_rtl_0" CBX_FILE_NAME="altsyncram_p091.tdf"/>
		<CBX_INST_ENTRY INSTANCE_NAME="|AES_Decrypt|decrypter_pipe:d1|look_up_decrypt:L1|altsyncram:Ram0_rtl_0" CBX_FILE_NAME="altsyncram_p091.tdf"/>
		<CBX_INST_ENTRY INSTANCE_NAME="|AES_Decrypt|decrypter_pipe:d2|look_up_decrypt:L0|altsyncram:Ram0_rtl_0" CBX_FILE_NAME="altsyncram_p091.tdf"/>
		<CBX_INST_ENTRY INSTANCE_NAME="|AES_Decrypt|decrypter_pipe:d7|look_up_decrypt:L3|altsyncram:Ram0_rtl_0" CBX_FILE_NAME="altsyncram_p091.tdf"/>
		<CBX_INST_ENTRY INSTANCE_NAME="|AES_Decrypt|decrypter_pipe:d8|look_up_decrypt:L2|altsyncram:Ram0_rtl_0" CBX_FILE_NAME="altsyncram_p091.tdf"/>
		<CBX_INST_ENTRY INSTANCE_NAME="|AES_Decrypt|decrypter_pipe:d9|look_up_decrypt:L1|altsyncram:Ram0_rtl_0" CBX_FILE_NAME="altsyncram_p091.tdf"/>
		<CBX_INST_ENTRY INSTANCE_NAME="|AES_Decrypt|decrypter_pipe:d0|look_up_decrypt:L3|altsyncram:Ram0_rtl_0" CBX_FILE_NAME="altsyncram_p091.tdf"/>
		<CBX_INST_ENTRY INSTANCE_NAME="|AES_Decrypt|decrypter_pipe:d1|look_up_decrypt:L2|altsyncram:Ram0_rtl_0" CBX_FILE_NAME="altsyncram_p091.tdf"/>
		<CBX_INST_ENTRY INSTANCE_NAME="|AES_Decrypt|decrypter_pipe:d2|look_up_decrypt:L1|altsyncram:Ram0_rtl_0" CBX_FILE_NAME="altsyncram_p091.tdf"/>
		<CBX_INST_ENTRY INSTANCE_NAME="|AES_Decrypt|decrypter_pipe:d3|look_up_decrypt:L0|altsyncram:Ram0_rtl_0" CBX_FILE_NAME="altsyncram_p091.tdf"/>
		<CBX_INST_ENTRY INSTANCE_NAME="|AES_Decrypt|decrypter_pipe:d8|look_up_decrypt:L3|altsyncram:Ram0_rtl_0" CBX_FILE_NAME="altsyncram_p091.tdf"/>
		<CBX_INST_ENTRY INSTANCE_NAME="|AES_Decrypt|decrypter_pipe:d9|look_up_decrypt:L2|altsyncram:Ram0_rtl_0" CBX_FILE_NAME="altsyncram_p091.tdf"/>
		<CBX_INST_ENTRY INSTANCE_NAME="|AES_Decrypt|decrypter_pipe:d1|look_up_decrypt:L3|altsyncram:Ram0_rtl_0" CBX_FILE_NAME="altsyncram_p091.tdf"/>
		<CBX_INST_ENTRY INSTANCE_NAME="|AES_Decrypt|decrypter_pipe:d2|look_up_decrypt:L2|altsyncram:Ram0_rtl_0" CBX_FILE_NAME="altsyncram_p091.tdf"/>
		<CBX_INST_ENTRY INSTANCE_NAME="|AES_Decrypt|decrypter_pipe:d3|look_up_decrypt:L1|altsyncram:Ram0_rtl_0" CBX_FILE_NAME="altsyncram_p091.tdf"/>
		<CBX_INST_ENTRY INSTANCE_NAME="|AES_Decrypt|decrypter_pipe:d4|look_up_decrypt:L0|altsyncram:Ram0_rtl_0" CBX_FILE_NAME="altsyncram_p091.tdf"/>
		<CBX_INST_ENTRY INSTANCE_NAME="|AES_Decrypt|decrypter_pipe:d9|look_up_decrypt:L3|altsyncram:Ram0_rtl_0" CBX_FILE_NAME="altsyncram_p091.tdf"/>
		<CBX_INST_ENTRY INSTANCE_NAME="|AES_Decrypt|key_generator:K|look_up:K0|altsyncram:Ram0_rtl_0" CBX_FILE_NAME="altsyncram_qc71.tdf"/>
		<CBX_INST_ENTRY INSTANCE_NAME="|AES_Decrypt|decrypter_pipe:d2|look_up_decrypt:L3|altsyncram:Ram0_rtl_0" CBX_FILE_NAME="altsyncram_p091.tdf"/>
		<CBX_INST_ENTRY INSTANCE_NAME="|AES_Decrypt|decrypter_pipe:d3|look_up_decrypt:L2|altsyncram:Ram0_rtl_0" CBX_FILE_NAME="altsyncram_p091.tdf"/>
		<CBX_INST_ENTRY INSTANCE_NAME="|AES_Decrypt|decrypter_pipe:d4|look_up_decrypt:L1|altsyncram:Ram0_rtl_0" CBX_FILE_NAME="altsyncram_p091.tdf"/>
		<CBX_INST_ENTRY INSTANCE_NAME="|AES_Decrypt|decrypter_pipe:d5|look_up_decrypt:L0|altsyncram:Ram0_rtl_0" CBX_FILE_NAME="altsyncram_p091.tdf"/>
		<CBX_INST_ENTRY INSTANCE_NAME="|AES_Decrypt|key_generator:K|look_up:K1|altsyncram:Ram0_rtl_0" CBX_FILE_NAME="altsyncram_qc71.tdf"/>
		<CBX_INST_ENTRY INSTANCE_NAME="|AES_Decrypt|decrypter_pipe:d3|look_up_decrypt:L3|altsyncram:Ram0_rtl_0" CBX_FILE_NAME="altsyncram_p091.tdf"/>
		<CBX_INST_ENTRY INSTANCE_NAME="|AES_Decrypt|decrypter_pipe:d4|look_up_decrypt:L2|altsyncram:Ram0_rtl_0" CBX_FILE_NAME="altsyncram_p091.tdf"/>
		<CBX_INST_ENTRY INSTANCE_NAME="|AES_Decrypt|decrypter_pipe:d5|look_up_decrypt:L1|altsyncram:Ram0_rtl_0" CBX_FILE_NAME="altsyncram_p091.tdf"/>
		<CBX_INST_ENTRY INSTANCE_NAME="|AES_Decrypt|decrypter_pipe:d6|look_up_decrypt:L0|altsyncram:Ram0_rtl_0" CBX_FILE_NAME="altsyncram_p091.tdf"/>
		<CBX_INST_ENTRY INSTANCE_NAME="|AES_Decrypt|key_generator:K|look_up:K2|altsyncram:Ram0_rtl_0" CBX_FILE_NAME="altsyncram_qc71.tdf"/>
		<CBX_INST_ENTRY INSTANCE_NAME="|AES_Decrypt|decrypter_pipe:d4|look_up_decrypt:L3|altsyncram:Ram0_rtl_0" CBX_FILE_NAME="altsyncram_p091.tdf"/>
		<CBX_INST_ENTRY INSTANCE_NAME="|AES_Decrypt|decrypter_pipe:d5|look_up_decrypt:L2|altsyncram:Ram0_rtl_0" CBX_FILE_NAME="altsyncram_p091.tdf"/>
		<CBX_INST_ENTRY INSTANCE_NAME="|AES_Decrypt|decrypter_pipe:d6|look_up_decrypt:L1|altsyncram:Ram0_rtl_0" CBX_FILE_NAME="altsyncram_p091.tdf"/>
		<CBX_INST_ENTRY INSTANCE_NAME="|AES_Decrypt|decrypter_pipe:d7|look_up_decrypt:L0|altsyncram:Ram0_rtl_0" CBX_FILE_NAME="altsyncram_p091.tdf"/>
		<CBX_INST_ENTRY INSTANCE_NAME="|AES_Decrypt|decrypter_pipe:d5|look_up_decrypt:L3|altsyncram:Ram0_rtl_0" CBX_FILE_NAME="altsyncram_p091.tdf"/>
		<CBX_INST_ENTRY INSTANCE_NAME="|AES_Decrypt|decrypter_pipe:d6|look_up_decrypt:L2|altsyncram:Ram0_rtl_0" CBX_FILE_NAME="altsyncram_p091.tdf"/>
		<CBX_INST_ENTRY INSTANCE_NAME="|AES_Decrypt|decrypter_pipe:d7|look_up_decrypt:L1|altsyncram:Ram0_rtl_0" CBX_FILE_NAME="altsyncram_p091.tdf"/>
		<CBX_INST_ENTRY INSTANCE_NAME="|AES_Decrypt|decrypter_pipe:d8|look_up_decrypt:L0|altsyncram:Ram0_rtl_0" CBX_FILE_NAME="altsyncram_p091.tdf"/>
		<CBX_INST_ENTRY INSTANCE_NAME="|AES_Decrypt|decrypter_pipe:d6|look_up_decrypt:L3|altsyncram:Ram0_rtl_0" CBX_FILE_NAME="altsyncram_p091.tdf"/>
		<CBX_INST_ENTRY INSTANCE_NAME="|AES_Decrypt|decrypter_pipe:d7|look_up_decrypt:L2|altsyncram:Ram0_rtl_0" CBX_FILE_NAME="altsyncram_p091.tdf"/>
		<CBX_INST_ENTRY INSTANCE_NAME="|AES_Decrypt|decrypter_pipe:d8|look_up_decrypt:L1|altsyncram:Ram0_rtl_0" CBX_FILE_NAME="altsyncram_p091.tdf"/>
		<CBX_INST_ENTRY INSTANCE_NAME="|AES_Decrypt|decrypter_pipe:d9|look_up_decrypt:L0|altsyncram:Ram0_rtl_0" CBX_FILE_NAME="altsyncram_p091.tdf"/>
	</PROJECT>
</LOG_ROOT>
