<?xml version="1.0" ?>
<LOG_ROOT>
	<PROJECT NAME="DE2_Default">
		<CBX_INST_ENTRY INSTANCE_NAME="|DE2_Default|IIR6:filter3|signed_mult:a2out|FilterMult:m1|lpm_mult:lpm_mult_component" CBX_FILE_NAME="mult_vjq.tdf"/>
		<CBX_INST_ENTRY INSTANCE_NAME="|DE2_Default|IIR6:filter3|signed_mult:b2in|FilterMult:m1|lpm_mult:lpm_mult_component" CBX_FILE_NAME="mult_vjq.tdf"/>
		<CBX_INST_ENTRY INSTANCE_NAME="|DE2_Default|IIR6:filter3|signed_mult:a3out|FilterMult:m1|lpm_mult:lpm_mult_component" CBX_FILE_NAME="mult_vjq.tdf"/>
		<CBX_INST_ENTRY INSTANCE_NAME="|DE2_Default|IIR6:filter3|signed_mult:b3in|FilterMult:m1|lpm_mult:lpm_mult_component" CBX_FILE_NAME="mult_vjq.tdf"/>
		<CBX_INST_ENTRY INSTANCE_NAME="|DE2_Default|IIR2:filter2|signed_mult:b1in|FilterMult:m1|lpm_mult:lpm_mult_component" CBX_FILE_NAME="mult_vjq.tdf"/>
		<CBX_INST_ENTRY INSTANCE_NAME="|DE2_Default|IIR6:filter3|signed_mult:a4out|FilterMult:m1|lpm_mult:lpm_mult_component" CBX_FILE_NAME="mult_vjq.tdf"/>
		<CBX_INST_ENTRY INSTANCE_NAME="|DE2_Default|IIR6:filter3|signed_mult:b4in|FilterMult:m1|lpm_mult:lpm_mult_component" CBX_FILE_NAME="mult_vjq.tdf"/>
		<CBX_INST_ENTRY INSTANCE_NAME="|DE2_Default|IIR2:filter2|signed_mult:a2out|FilterMult:m1|lpm_mult:lpm_mult_component" CBX_FILE_NAME="mult_vjq.tdf"/>
		<CBX_INST_ENTRY INSTANCE_NAME="|DE2_Default|IIR2:filter2|signed_mult:b2in|FilterMult:m1|lpm_mult:lpm_mult_component" CBX_FILE_NAME="mult_vjq.tdf"/>
		<CBX_INST_ENTRY INSTANCE_NAME="|DE2_Default|IIR4:filter1|signed_mult:a5out|FilterMult:m1|lpm_mult:lpm_mult_component" CBX_FILE_NAME="mult_vjq.tdf"/>
		<CBX_INST_ENTRY INSTANCE_NAME="|DE2_Default|IIR4:filter1|signed_mult:b1in|FilterMult:m1|lpm_mult:lpm_mult_component" CBX_FILE_NAME="mult_vjq.tdf"/>
		<CBX_INST_ENTRY INSTANCE_NAME="|DE2_Default|IIR4:filter1|signed_mult:b5in|FilterMult:m1|lpm_mult:lpm_mult_component" CBX_FILE_NAME="mult_vjq.tdf"/>
		<CBX_INST_ENTRY INSTANCE_NAME="|DE2_Default|IIR6:filter3|signed_mult:a5out|FilterMult:m1|lpm_mult:lpm_mult_component" CBX_FILE_NAME="mult_vjq.tdf"/>
		<CBX_INST_ENTRY INSTANCE_NAME="|DE2_Default|IIR6:filter3|signed_mult:b1in|FilterMult:m1|lpm_mult:lpm_mult_component" CBX_FILE_NAME="mult_vjq.tdf"/>
		<CBX_INST_ENTRY INSTANCE_NAME="|DE2_Default|IIR6:filter3|signed_mult:b5in|FilterMult:m1|lpm_mult:lpm_mult_component" CBX_FILE_NAME="mult_vjq.tdf"/>
		<CBX_INST_ENTRY INSTANCE_NAME="|DE2_Default|IIR2:filter2|signed_mult:a3out|FilterMult:m1|lpm_mult:lpm_mult_component" CBX_FILE_NAME="mult_vjq.tdf"/>
		<CBX_INST_ENTRY INSTANCE_NAME="|DE2_Default|IIR2:filter2|signed_mult:b3in|FilterMult:m1|lpm_mult:lpm_mult_component" CBX_FILE_NAME="mult_vjq.tdf"/>
		<CBX_INST_ENTRY INSTANCE_NAME="|DE2_Default|IIR4:filter1|signed_mult:a2out|FilterMult:m1|lpm_mult:lpm_mult_component" CBX_FILE_NAME="mult_vjq.tdf"/>
		<CBX_INST_ENTRY INSTANCE_NAME="|DE2_Default|IIR4:filter1|signed_mult:b2in|FilterMult:m1|lpm_mult:lpm_mult_component" CBX_FILE_NAME="mult_vjq.tdf"/>
		<CBX_INST_ENTRY INSTANCE_NAME="|DE2_Default|IIR6:filter3|signed_mult:a6out|FilterMult:m1|lpm_mult:lpm_mult_component" CBX_FILE_NAME="mult_vjq.tdf"/>
		<CBX_INST_ENTRY INSTANCE_NAME="|DE2_Default|IIR6:filter3|signed_mult:b6in|FilterMult:m1|lpm_mult:lpm_mult_component" CBX_FILE_NAME="mult_vjq.tdf"/>
		<CBX_INST_ENTRY INSTANCE_NAME="|DE2_Default|IIR4:filter1|signed_mult:a3out|FilterMult:m1|lpm_mult:lpm_mult_component" CBX_FILE_NAME="mult_vjq.tdf"/>
		<CBX_INST_ENTRY INSTANCE_NAME="|DE2_Default|IIR4:filter1|signed_mult:b3in|FilterMult:m1|lpm_mult:lpm_mult_component" CBX_FILE_NAME="mult_vjq.tdf"/>
		<CBX_INST_ENTRY INSTANCE_NAME="|DE2_Default|IIR6:filter3|signed_mult:a7out|FilterMult:m1|lpm_mult:lpm_mult_component" CBX_FILE_NAME="mult_vjq.tdf"/>
		<CBX_INST_ENTRY INSTANCE_NAME="|DE2_Default|IIR6:filter3|signed_mult:b7in|FilterMult:m1|lpm_mult:lpm_mult_component" CBX_FILE_NAME="mult_vjq.tdf"/>
		<CBX_INST_ENTRY INSTANCE_NAME="|DE2_Default|IIR4:filter1|signed_mult:a4out|FilterMult:m1|lpm_mult:lpm_mult_component" CBX_FILE_NAME="mult_vjq.tdf"/>
		<CBX_INST_ENTRY INSTANCE_NAME="|DE2_Default|IIR4:filter1|signed_mult:b4in|FilterMult:m1|lpm_mult:lpm_mult_component" CBX_FILE_NAME="mult_vjq.tdf"/>
	</PROJECT>
</LOG_ROOT>
